loc,v_g,ev_g,i,b,lOBlank,locCodeAndComment,branchCount,fuzzy_risk_score,y_true,prediction
0.073581351542265,0.1346153846153846,0.21875,0.1148263320403921,0.0686624553694038,0.0681818181818181,0.0,0.1399999999999999,0.49967257014857624,0,0
0.8241111372733689,0.6923076923076923,0.3125,0.1951498236399392,0.446305959901125,0.7727272727272727,0.0,0.7,0.5300697820719033,0,1
0.1030138921591711,0.0769230769230769,0.0,0.1738327820936846,0.0652293326009336,0.1818181818181818,0.125,0.08,0.5036461140308143,0,1
0.0323757946785966,0.0192307692307692,0.0,0.1423516872328498,0.0205987366108211,0.0681818181818181,0.0,0.0199999999999999,0.4618047038536186,0,0
0.0323757946785966,0.0192307692307692,0.0,0.0759831661300776,0.0205987366108211,0.0681818181818181,0.0,0.0199999999999999,0.6249024668315811,0,1
0.0529785731104308,0.0576923076923076,0.0,0.0864219235882951,0.0274649821477615,0.0681818181818181,0.0,0.06,0.5100065399549885,0,1
0.1559924652696019,0.0576923076923076,0.0,0.4203522805937993,0.2231529799505625,0.2045454545454545,0.0,0.06,0.5009075956268138,0,1
0.370850011773016,0.5192307692307693,0.71875,0.4459547067807958,0.3295797857731384,0.4090909090909091,0.125,0.54,0.5549479448948614,1,1
0.1971980221332704,0.3076923076923077,0.375,0.261957871372531,0.1235924196649269,0.3409090909090909,0.0,0.32,0.5458304433690925,1,1
0.0117730162467624,0.0,0.0,0.1717450306020411,0.0102993683054105,0.0227272727272727,0.0,0.0,0.3036645714959367,0,0
0.0235460324935248,0.0192307692307692,0.0,0.0697199116551472,0.0102993683054105,0.0454545454545454,0.0,0.0199999999999999,0.38422747521777667,0,0
0.1795384977631268,0.1538461538461538,0.1875,0.1730636104915001,0.1132930513595163,0.1136363636363636,0.0,0.16,0.5070281904477378,1,1
0.0529785731104308,0.0576923076923076,0.09375,0.0841693496104692,0.0343312276847019,0.0681818181818181,0.0,0.06,0.4974149896175394,0,0
0.0706380974805744,0.1538461538461538,0.0625,0.1275726043051629,0.0789618236748144,0.0909090909090909,0.125,0.16,0.4992867603999281,0,0
0.1236166705910053,0.1346153846153846,0.0,0.0932345863505002,0.0480637187585827,0.0227272727272727,0.0,0.1399999999999999,0.5041022079509463,0,1
0.2619496114904637,0.3653846153846154,0.46875,0.4851824584922025,0.2609173304037346,0.2272727272727273,0.0,0.38,0.5549479448948614,1,1
0.0912408759124087,0.0961538461538461,0.0,0.0,0.0,0.0,0.0,0.1,0.5030767422017828,1,1
0.0529785731104308,0.2115384615384615,0.25,0.0,0.0,0.0,0.0,0.22,0.3281518527231453,0,0
0.1177301624676241,0.0576923076923076,0.0,0.1883371608777341,0.0686624553694038,0.3636363636363636,0.0,0.06,0.5023984065063848,1,1
0.0,0.0,0.0,0.0731811838649772,0.0068662455369403,0.0,0.0,0.0,0.32923829672308264,0,0
0.0058865081233812,0.0,0.0,0.0696649708264197,0.0034331227684701,0.0227272727272727,0.0,0.0,0.3309380196797676,0,0
0.0029432540616906,0.0,0.0,0.0425791422637817,0.0034331227684701,0.0227272727272727,0.0,0.0,0.3309380196797676,0,0
0.0264892865552154,0.0192307692307692,0.0,0.0984539650796089,0.0068662455369403,0.0227272727272727,0.0,0.0199999999999999,0.30789112894937876,0,0
0.3973392983282314,0.1923076923076923,0.3125,0.4127704462294097,0.2265861027190327,0.7272727272727273,0.25,0.1999999999999999,0.551411493746902,0,1
0.0235460324935248,0.0,0.0,0.1174085509905828,0.0205987366108211,0.0227272727272727,0.0,0.0,0.3051240058016432,0,0
0.0559218271721214,0.1153846153846154,0.09375,0.1116947048029269,0.0343312276847019,0.0909090909090909,0.0,0.12,0.49805939947219935,0,0
0.2501765952437013,0.0,0.0,0.9374004197479288,0.3055479263938471,0.4090909090909091,0.75,0.0,0.5019912629857829,0,1
0.1206734165293147,0.173076923076923,0.1875,0.0,0.0,0.0,0.0,0.18,0.5261265382127753,0,1
0.3767365198963972,0.2884615384615385,0.28125,0.0,0.0,0.0,0.0,0.3,0.5414734614303316,1,1
0.014716270308453,0.0192307692307692,0.0,0.1153757403276667,0.0034331227684701,0.0,0.0,0.0199999999999999,0.30644091584650957,0,0
0.1501059571462207,0.0576923076923076,0.0,0.0,0.0,0.0,0.0,0.06,0.5013679987898607,0,1
0.4208853308217563,0.2307692307692307,0.125,0.5324315711978184,0.4188409777533635,0.8181818181818182,0.0,0.24,0.5459729945743367,0,1
0.0559218271721214,0.1153846153846154,0.1875,0.1554276044699853,0.0377643504531721,0.0909090909090909,0.0,0.12,0.49805939947219935,0,0
0.1501059571462207,0.1153846153846154,0.15625,0.2165767468436487,0.0995605602856355,0.1136363636363636,0.0,0.12,0.5145467283672225,0,1
0.1589357193312925,0.1153846153846154,0.0,0.4554594701506465,0.0789618236748144,0.4318181818181818,0.125,0.12,0.5007295639309449,0,1
0.0824111137273369,0.0384615384615384,0.0,0.1625149713758277,0.0480637187585827,0.0454545454545454,0.0,0.04,0.5008617187420082,0,1
0.0824111137273369,0.1923076923076923,0.25,0.1918533739162916,0.0686624553694038,0.1136363636363636,0.0,0.1999999999999999,0.5020447957589504,0,1
0.0206027784318342,0.0192307692307692,0.0,0.0673025151911389,0.0068662455369403,0.0454545454545454,0.0,0.0199999999999999,0.38422747521777667,0,0
0.0412055568636684,0.0192307692307692,0.0,0.1409781665146633,0.0274649821477615,0.0454545454545454,0.0,0.0199999999999999,0.3824325800687229,0,0
0.0117730162467624,0.0,0.0,0.0791147933675429,0.0034331227684701,0.0227272727272727,0.0,0.0,0.32490981621291687,0,0
0.1501059571462207,0.0961538461538461,0.09375,0.1241662729240604,0.0926943147486952,0.0681818181818181,0.125,0.09,0.5000000000000001,1,1
0.0853543677890275,0.0961538461538461,0.0,0.1035634621512628,0.0480637187585827,0.0454545454545454,0.25,0.09,0.5010469297789545,0,1
0.1030138921591711,0.0384615384615384,0.0,0.2560242618699653,0.072095578137874,0.1363636363636363,0.0,0.04,0.5007789354200116,1,1
0.0117730162467624,0.0384615384615384,0.0,0.082466183919918,0.0137324910738807,0.0,0.0,0.04,0.31692452143438105,0,0
0.0676948434188838,0.0961538461538461,0.0,0.0725218939202476,0.0446305959901125,0.0227272727272727,0.375,0.1,0.5032728708953154,0,1
0.0559218271721214,0.1346153846153846,0.125,0.2333886404342516,0.0514968415270528,0.0454545454545454,0.0,0.1399999999999999,0.49821625073180636,0,0
0.0412055568636684,0.0,0.0,0.1094970716538285,0.0068662455369403,0.0454545454545454,0.0,0.0,0.38420624234929995,1,0
0.1883682599481986,0.173076923076923,0.0,0.1781731075631539,0.1647898928865692,0.0454545454545454,0.0,0.18,0.5034276308351194,0,1
0.0117730162467624,0.0,0.0,0.1213093498302324,0.0102993683054105,0.0,0.0,0.0,0.3058374048287858,0,0
0.3973392983282314,0.3076923076923077,0.125,0.2437724570637416,0.3639110134578404,0.2954545454545454,0.0,0.24,0.5458857487033525,0,1
0.0412055568636684,0.0384615384615384,0.0,0.0853231070137459,0.0240318593792913,0.0227272727272727,0.0,0.04,0.32813166287595913,0,0
0.0647515893571932,0.2115384615384615,0.34375,0.1738327820936846,0.0823949464432846,0.0227272727272727,0.0,0.22,0.513894369642869,0,1
0.2472333411820106,0.25,0.25,0.4992473106464324,0.2300192254875029,0.1136363636363636,0.0,0.26,0.65090870575565,1,1
0.0,0.0,0.0,0.1131781071785683,0.0034331227684701,0.0,0.0,0.0,0.306698528264338,0,0
0.0323757946785966,0.0192307692307692,0.0,0.1370773676750136,0.0308981049162317,0.0681818181818181,0.0,0.0199999999999999,0.561831687837074,0,1
0.1471627030845301,0.3653846153846154,0.375,0.3762347951256486,0.0617962098324634,0.0454545454545454,0.0,0.38,0.5611149379775869,0,1
0.2354603249352482,0.1346153846153846,0.125,0.2427835221466473,0.1373249107388077,0.25,0.25,0.13,0.5242524888854668,1,1
0.0941841299740993,0.1346153846153846,0.0,0.1836671904359,0.0411974732216423,0.0,0.0,0.1399999999999999,0.5060630292940458,0,1
0.214857546503414,0.1346153846153846,0.0,0.6295120155592409,0.2883823125514961,0.2272727272727273,0.0,0.1399999999999999,0.5013599595983608,0,1
0.0824111137273369,0.1538461538461538,0.0,0.1799312140824327,0.0274649821477615,0.1818181818181818,0.0,0.09,0.5039105559778015,0,1
0.1442194490228395,0.173076923076923,0.0,0.0,0.0,0.0,0.0,0.18,0.5008370829132162,0,1
1.0,0.0576923076923076,0.0,1.0,1.0,1.0,0.0,0.06,0.5019882204308345,1,1
0.0206027784318342,0.0,0.0,0.1126836397200212,0.0068662455369403,0.0681818181818181,0.0,0.0,0.5312496575942472,0,1
0.0264892865552154,0.0192307692307692,0.0,0.3047567769512226,0.0274649821477615,0.0227272727272727,0.0,0.0199999999999999,0.3043046422905219,1,0
0.058865081233812,0.0,0.0,0.2926697946311814,0.0411974732216423,0.0681818181818181,0.0,0.0,0.49044097334215825,0,0
0.0176595243701436,0.0192307692307692,0.0,0.0593910358543846,0.0068662455369403,0.0227272727272727,0.0,0.0199999999999999,0.3309380196797676,0,0
0.0382623028019778,0.0576923076923076,0.0,0.088674497566121,0.0137324910738807,0.0454545454545454,0.0,0.04,0.38422747521777667,0,0
0.356133741464563,0.4230769230769231,0.28125,0.5176524882701315,0.2265861027190327,0.2727272727272727,0.125,0.44,0.5549479448948614,1,1
0.1265599246526959,0.2115384615384615,0.09375,0.0804333732570019,0.0789618236748144,0.1136363636363636,0.0,0.22,0.5227528130833001,0,1
0.0470920649870496,0.0961538461538461,0.0,0.1682288175634836,0.0274649821477615,0.0454545454545454,0.0,0.06,0.3872878134708752,0,0
0.2737226277372261,0.1153846153846154,0.0,0.3757403276671014,0.3192804174677279,0.0681818181818181,0.0,0.12,0.6339856869601569,0,1
0.0176595243701436,0.0769230769230769,0.125,0.0,0.0,0.0,0.0,0.1,0.33269677572622536,0,0
0.0765246056039556,0.0769230769230769,0.0625,0.1348247936971877,0.0377643504531721,0.0681818181818181,0.0,0.08,0.4998945178669746,0,0
0.0882976218507181,0.2307692307692307,0.21875,0.2566286109859674,0.089261191980225,0.0681818181818181,0.0,0.24,0.5017989759930291,0,1
0.0412055568636684,0.0192307692307692,0.0,0.0,0.0,0.0,0.0,0.0199999999999999,0.32887307554274586,0,0
0.029432540616906,0.0384615384615384,0.0,0.0730713022075223,0.0102993683054105,0.0227272727272727,0.0,0.04,0.3309380196797676,1,0
0.1000706380974805,0.1153846153846154,0.0,0.2137198237498208,0.0686624553694038,0.0909090909090909,0.0,0.12,0.5003851453057521,0,1
0.2472333411820106,0.2115384615384615,0.28125,0.2337732262353438,0.161356770118099,0.1590909090909091,0.0,0.18,0.5427510829666405,0,1
0.0029432540616906,0.0,0.0,0.0597206808267494,0.0034331227684701,0.0,0.0,0.0,0.33269677572622536,1,0
0.0264892865552154,0.0,0.0,0.1700418649114898,0.0171656138423509,0.0909090909090909,0.0,0.0,0.4622421460049335,0,0
0.014716270308453,0.0192307692307692,0.0,0.0738954146384341,0.0068662455369403,0.0227272727272727,0.0,0.0199999999999999,0.3309380196797676,0,0
0.2384035789969388,0.7692307692307693,1.0,0.2815168063995069,0.2849491897830259,0.1363636363636363,0.0,0.8,0.6111322092324988,0,1
0.0676948434188838,0.0,0.0,0.153120089663432,0.0480637187585827,0.1363636363636363,0.0,0.0,0.4905936871113186,1,0
1.0,1.0000000000000002,1.0,1.0,1.0,1.0,0.875,1.0,0.5549479448948614,1,1
0.4091123145749938,0.2884615384615385,0.1875,0.4874350324700284,0.3501785223839596,0.4090909090909091,1.0,0.3,0.5549479448948614,0,1
0.029432540616906,0.0384615384615384,0.0,0.0680167459645959,0.0137324910738807,0.0454545454545454,0.0,0.04,0.38422747521777667,0,0
0.029432540616906,0.0384615384615384,0.0625,0.0505455624292635,0.0137324910738807,0.0454545454545454,0.0,0.04,0.38422747521777667,0,0
0.3384742170944194,0.4038461538461539,0.34375,0.2701440548529226,0.250617962098324,0.1136363636363636,1.0,0.42,0.6485648648817494,1,1
0.0264892865552154,0.0,0.0,0.1032887580076254,0.0205987366108211,0.0454545454545454,0.0,0.0,0.38422747521777667,0,0
0.0971273840357899,0.0,0.0,0.5152350918061234,0.0823949464432846,0.0454545454545454,0.0,0.0,0.5016146459900134,0,1
0.0559218271721214,0.0384615384615384,0.0,0.1860845868999082,0.0617962098324634,0.0681818181818181,0.0,0.04,0.49805939947219935,0,0
0.1648222274546738,0.1153846153846154,0.0,0.3698616589932632,0.0961274375171654,0.3409090909090909,0.0,0.12,0.5007805375572641,0,1
0.014716270308453,0.0,0.0,0.0610392607162084,0.0137324910738807,0.0227272727272727,0.0,0.0,0.3309380196797676,0,0
0.0323757946785966,0.0192307692307692,0.0,0.0763677519311699,0.0068662455369403,0.0227272727272727,0.0,0.0199999999999999,0.32858155951373136,0,0
0.0500353190487402,0.173076923076923,0.25,0.1080686101069145,0.0274649821477615,0.0227272727272727,0.0,0.18,0.3077394493824611,0,0
0.0470920649870496,0.0576923076923076,0.0,0.1883921017064616,0.0171656138423509,0.0227272727272727,0.0,0.06,0.3034924708194341,0,0
0.1559924652696019,0.0961538461538461,0.125,0.1858098827562709,0.0789618236748144,0.1590909090909091,0.125,0.1,0.5121318330592177,0,1
0.0,0.0,0.0,0.0527431955783619,0.0034331227684701,0.0,0.0,0.0,0.33269677572622536,1,0
0.1295031787143865,0.173076923076923,0.21875,0.2255321019262248,0.0926943147486952,0.0454545454545454,0.0,0.18,0.5139419910610978,0,1
0.0853543677890275,0.0576923076923076,0.09375,0.1325722197193618,0.0411974732216423,0.0909090909090909,0.0,0.06,0.5002853340533729,0,1
0.0470920649870496,0.0,0.0,0.1168591427033082,0.0171656138423509,0.0909090909090909,0.0,0.0,0.47720517724405476,0,0
0.0912408759124087,0.0576923076923076,0.0,0.1422967464041223,0.0411974732216423,0.0909090909090909,0.0,0.06,0.5002126309417374,0,1
0.0941841299740993,0.0769230769230769,0.0,0.0875207401628443,0.0308981049162317,0.1363636363636363,0.0,0.08,0.5009362651247892,0,1
0.0117730162467624,0.0,0.0,0.151691628116518,0.0171656138423509,0.0227272727272727,0.0,0.0,0.3036645714959367,0,0
0.0058865081233812,0.0,0.0,0.1148812728691196,0.0205987366108211,0.0,0.0,0.0,0.30586773701981135,0,0
0.0765246056039556,0.0769230769230769,0.0,0.122572988890964,0.0274649821477615,0.1136363636363636,0.0,0.08,0.49927951011128635,0,0
0.668118672003767,0.6923076923076923,0.71875,0.5048512751766333,0.6179620983246347,0.1818181818181818,0.0,0.72,0.5648282168348048,0,1
0.0765246056039556,0.0,0.0,0.2901974573384456,0.0274649821477615,0.1590909090909091,0.0,0.0,0.49087470017052864,0,0
0.2207440546267952,0.2692307692307693,0.125,0.2541562736932316,0.2094204888766817,0.1136363636363636,0.0,0.2799999999999999,0.6337192341608242,0,1
0.0824111137273369,0.1153846153846154,0.1875,0.1540540837517988,0.054929964295523,0.0681818181818181,0.0,0.12,0.5002519843756591,0,1
0.2354603249352482,0.4038461538461539,0.3125,0.2069621018163432,0.1338917879703375,0.2045454545454545,0.0,0.42,0.5339880270240307,0,1
0.0647515893571932,0.0576923076923076,0.0,0.2032261254628759,0.0617962098324634,0.0909090909090909,0.0,0.06,0.4992467779439581,0,0
0.1147869084059335,0.0576923076923076,0.0,0.3746415110925522,0.0789618236748144,0.1136363636363636,0.0,0.06,0.500310105169731,1,1
0.0706380974805744,0.0576923076923076,0.0,0.1425165097190322,0.0377643504531721,0.0454545454545454,0.0,0.06,0.49908377505576623,0,0
0.0029432540616906,0.0,0.0,0.0731811838649772,0.0068662455369403,0.0,0.0,0.0,0.32923829672308264,0,0
0.0323757946785966,0.0,0.0,0.2023470722032365,0.0205987366108211,0.0454545454545454,0.0,0.0,0.3824325800687229,0,0
0.2060277843183422,0.1153846153846154,0.09375,0.0,0.0,0.0,0.0,0.12,0.507348677128999,0,1
0.0912408759124087,0.1538461538461538,0.0,0.1383959475644726,0.0446305959901125,0.0227272727272727,0.125,0.13,0.5075544091893713,0,1
0.1206734165293147,0.0576923076923076,0.0,0.2189392024789296,0.072095578137874,0.1136363636363636,0.0,0.06,0.5001590164182169,0,1
0.0382623028019778,0.0192307692307692,0.0,0.0823563022624631,0.0034331227684701,0.1363636363636363,0.0,0.0199999999999999,0.5946648147931957,0,1
0.185425005886508,0.25,0.21875,0.1197710066258636,0.1270255424333971,0.1818181818181818,0.0,0.26,0.5028042656496722,0,1
0.0,0.0,0.0,0.0669179293900467,0.0034331227684701,0.0,0.0,0.0,0.33269677572622536,0,0
0.0029432540616906,0.0,0.0,0.1075741426483674,0.0068662455369403,0.0,0.0,0.0,0.307438318112413,0,0
0.0206027784318342,0.0,0.0,0.0962563319305105,0.0171656138423509,0.0227272727272727,0.0,0.0,0.30829907342562074,0,0
0.7328702613609602,0.5961538461538461,0.1875,0.438812399046226,0.5046690469651183,0.7272727272727273,1.0,0.57,0.5549479448948614,1,1
0.0323757946785966,0.0192307692307692,0.0,0.0801586691133646,0.0137324910738807,0.0454545454545454,0.0,0.0199999999999999,0.38422747521777667,0,0
0.1206734165293147,0.0384615384615384,0.0,0.1158152669574864,0.0617962098324634,0.0681818181818181,0.0,0.04,0.5,0,1
0.0882976218507181,0.0769230769230769,0.125,0.0770819827046268,0.0274649821477615,0.2272727272727273,0.0,0.08,0.7356709242857129,0,1
0.0412055568636684,0.0,0.0,0.1245508587251526,0.0308981049162317,0.0681818181818181,0.0,0.0,0.5399519013978136,0,1
0.0353190487402872,0.0576923076923076,0.09375,0.1415825156306653,0.0205987366108211,0.0454545454545454,0.0,0.06,0.38231414547577963,0,0
0.0235460324935248,0.0576923076923076,0.0,0.1284516575648023,0.0240318593792913,0.0454545454545454,0.0,0.06,0.38261213387975973,1,0
0.0882976218507181,0.1153846153846154,0.15625,0.1249903853549723,0.0755287009063442,0.1136363636363636,0.0,0.12,0.5006936274640001,1,1
0.0088297621850718,0.0,0.0,0.1654268352983831,0.0102993683054105,0.0227272727272727,0.0,0.0,0.3036645714959367,0,0
0.0941841299740993,0.173076923076923,0.25,0.0,0.0,0.0,0.0,0.18,0.5857761129763098,0,1
0.1236166705910053,0.173076923076923,0.25,0.1618007406023708,0.1167261741279865,0.1363636363636363,0.0,0.18,0.5046256287185746,1,1
0.0382623028019778,0.1538461538461538,0.0,0.2943180194930052,0.0446305959901125,0.0227272727272727,0.0,0.09,0.4998329459951584,0,0
0.0824111137273369,0.0,0.0,0.0,0.0,0.0,0.0,0.0,0.5031654563028272,0,1
0.0206027784318342,0.0192307692307692,0.0,0.0719175448042456,0.0137324910738807,0.0227272727272727,0.0,0.0199999999999999,0.3309380196797676,1,0
0.0529785731104308,0.0384615384615384,0.0,0.1099915391123756,0.0171656138423509,0.1136363636363636,0.0,0.04,0.49198550035935645,0,0
0.1000706380974805,0.1538461538461538,0.0,0.0,0.0,0.0,0.0,0.1399999999999999,0.5119507489333294,1,1
0.1295031787143865,0.0769230769230769,0.0,0.1152658586702118,0.072095578137874,0.3863636363636363,0.0,0.08,0.5969841714329185,0,1
0.2119142924417234,0.0961538461538461,0.0,0.1241113320953329,0.1064268058225759,0.2954545454545454,0.5,0.1,0.565762789341404,0,1
0.0412055568636684,0.0192307692307692,0.0,0.0848835803839262,0.0308981049162317,0.0227272727272727,0.0,0.0199999999999999,0.3305394778202515,0,0
0.029432540616906,0.0192307692307692,0.0,0.0430186688936014,0.0171656138423509,0.0,0.125,0.0199999999999999,0.33269677572622536,0,0
0.1118436543442429,0.0,0.0,0.1096069533112834,0.089261191980225,0.3181818181818182,0.0,0.0,0.6598696763493672,0,1
0.0206027784318342,0.0,0.0,0.0648851187271307,0.0102993683054105,0.0454545454545454,0.0,0.0,0.38422747521777667,0,0
0.2060277843183422,0.2115384615384615,0.28125,0.0,0.0,0.0,0.0,0.22,0.5381537927355369,1,1
0.0559218271721214,0.0769230769230769,0.0,0.1455931961277699,0.0480637187585827,0.0227272727272727,0.0,0.08,0.5009488682083514,0,1
0.0058865081233812,0.0,0.0,0.0669179293900467,0.0034331227684701,0.0227272727272727,0.0,0.0,0.3309380196797676,0,0
0.1030138921591711,0.1538461538461538,0.21875,0.1464722493874093,0.1029936830541057,0.1818181818181818,0.0,0.16,0.5036461140308143,1,1
0.0676948434188838,0.0769230769230769,0.09375,0.0,0.0,0.0,0.0,0.08,0.3746651217408596,0,0
0.0264892865552154,0.0,0.0,0.0743898820969813,0.0137324910738807,0.0227272727272727,0.0,0.0,0.3309380196797676,0,0
0.0882976218507181,0.0192307692307692,0.0,0.1151010361840294,0.0274649821477615,0.3863636363636363,0.0,0.0199999999999999,0.7432701480968824,0,1
0.1412761949611489,0.0576923076923076,0.0,0.3299746173371269,0.1235924196649269,0.0454545454545454,0.375,0.06,0.5007615137395122,0,1
0.0382623028019778,0.0576923076923076,0.0,0.0621930181194851,0.0137324910738807,0.0454545454545454,0.0,0.06,0.38422747521777667,0,0
0.073581351542265,0.0769230769230769,0.0,0.1182326634214947,0.0617962098324634,0.0909090909090909,0.125,0.08,0.49979834913778587,1,0
0.2236873086884858,0.1346153846153846,0.0,0.0839495862955594,0.0789618236748144,0.2954545454545454,0.0,0.12,0.5883703636621997,0,1
0.1736519896397456,0.0961538461538461,0.0,0.0,0.0,0.0,0.0,0.1,0.5010431912170175,0,1
0.0529785731104308,0.0576923076923076,0.0,0.1209797048578677,0.0377643504531721,0.0681818181818181,0.0,0.06,0.4974149896175394,0,0
0.0824111137273369,0.0384615384615384,0.0,0.3542584636346644,0.0411974732216423,0.1136363636363636,0.0,0.04,0.5006621529019296,1,1
0.0117730162467624,0.0192307692307692,0.0,0.065049941213313,0.0068662455369403,0.0227272727272727,0.0,0.0199999999999999,0.3309380196797676,0,0
0.2354603249352482,0.2307692307692307,0.0,0.2027865988330562,0.1476242790442183,0.0454545454545454,0.125,0.15,0.6295188652319696,0,1
0.1677654815163644,0.4423076923076923,0.09375,0.1810300306569819,0.2059873661082115,0.25,0.0,0.46,0.5253263600832976,0,1
0.2501765952437013,0.1923076923076923,0.125,0.3053611260672247,0.17852238396045,0.1818181818181818,0.875,0.1999999999999999,0.5554901793066652,1,1
0.0529785731104308,0.0384615384615384,0.0,0.1311986990011753,0.0514968415270528,0.0454545454545454,0.0,0.04,0.4980301260831467,0,0
0.0765246056039556,0.0,0.0,0.3874427241860505,0.0480637187585827,0.1136363636363636,0.0,0.0,0.4907979184132203,0,0
0.0235460324935248,0.0192307692307692,0.0,0.1490544683375999,0.0240318593792913,0.0454545454545454,0.0,0.0199999999999999,0.3824325800687229,0,0
0.1295031787143865,0.1538461538461538,0.21875,0.0,0.0,0.0,0.0,0.16,0.5273956714938973,0,1
0.0470920649870496,0.0192307692307692,0.0,0.1575153559616288,0.0171656138423509,0.0909090909090909,0.0,0.0199999999999999,0.4577692691025748,0,0
0.0382623028019778,0.0384615384615384,0.0,0.0830155922071926,0.0205987366108211,0.0681818181818181,0.125,0.04,0.6578028093222392,0,1
0.0058865081233812,0.0,0.0,0.1974023976177651,0.0137324910738807,0.0,0.0,0.0,0.3048084650377864,0,0
0.0618083352955026,0.0961538461538461,0.15625,0.1495489357961471,0.072095578137874,0.0681818181818181,0.0,0.1,0.4989441976377336,0,0
0.0117730162467624,0.0192307692307692,0.0,0.0962013911017831,0.0102993683054105,0.0,0.0,0.0199999999999999,0.309293508527891,0,0
0.0323757946785966,0.0192307692307692,0.0,0.1159800894436688,0.0171656138423509,0.0454545454545454,0.0,0.0199999999999999,0.3835305553032684,0,0
0.0470920649870496,0.0769230769230769,0.09375,0.0,0.0,0.0,0.0,0.08,0.3278463115528236,1,0
0.1000706380974805,0.0769230769230769,0.0,0.1333963321502737,0.0343312276847019,0.1363636363636363,0.0,0.0499999999999999,0.5008303802722547,0,1
0.058865081233812,0.0961538461538461,0.15625,0.074829408726801,0.0377643504531721,0.0909090909090909,0.0,0.1,0.49855666599595827,1,0
0.0117730162467624,0.0,0.0,0.0757634028151678,0.0034331227684701,0.0227272727272727,0.0,0.0,0.32937420342391577,0,0
0.1236166705910053,0.2307692307692307,0.0,0.0,0.0,0.0,0.0,0.13,0.5032098939605388,0,1
0.073581351542265,0.0384615384615384,0.0,0.0991681958530659,0.0343312276847019,0.1136363636363636,0.0,0.04,0.49841241857147095,0,0
0.229573816811867,0.3461538461538462,0.5,0.3433252387178998,0.2094204888766817,0.2045454545454545,0.375,0.36,0.5547411357537835,0,1
0.0853543677890275,0.0192307692307692,0.0,0.2652543210961787,0.1029936830541057,0.0227272727272727,0.0,0.0199999999999999,0.6250074012978556,0,1
0.058865081233812,0.0384615384615384,0.0,0.0,0.0,0.0,0.0,0.03,0.32963121821412705,0,0
0.3679067577113254,0.4230769230769231,0.3125,0.4092542331908522,0.3089810491623173,0.4318181818181818,0.0,0.44,0.5549479448948614,0,1
0.044148810925359,0.0,0.0,0.3843110969485853,0.0686624553694038,0.0681818181818181,0.0,0.0,0.5058729299818405,0,1
0.0853543677890275,0.0,0.0,0.1589438175085428,0.0446305959901125,0.1136363636363636,0.0,0.0,0.5530933844500135,0,1
0.0618083352955026,0.1346153846153846,0.0625,0.0715329590031534,0.0411974732216423,0.1136363636363636,0.0,0.1399999999999999,0.49870118538243907,0,0
0.0529785731104308,0.0769230769230769,0.125,0.1104310657421953,0.0308981049162317,0.0681818181818181,0.0,0.08,0.49950085395802574,0,0
0.0206027784318342,0.0192307692307692,0.0,0.1339457404375483,0.0137324910738807,0.0227272727272727,0.0,0.0199999999999999,0.3038717068679123,0,0
0.029432540616906,0.0192307692307692,0.0,0.1279571901062552,0.0171656138423509,0.0681818181818181,0.0,0.0199999999999999,0.49030821220145987,0,0
0.2560631033670825,0.1346153846153846,0.0,0.0,0.0,0.0,0.0,0.11,0.5026056143064959,0,1
0.1559924652696019,0.1153846153846154,0.125,0.1461426044150446,0.1098599285910461,0.1818181818181818,0.125,0.12,0.5012279214512251,1,1
0.029432540616906,0.0576923076923076,0.0,0.1376267759622882,0.0308981049162317,0.0227272727272727,0.0,0.06,0.3087188171284957,0,0
0.014716270308453,0.0384615384615384,0.0,0.0597756216554768,0.0068662455369403,0.0227272727272727,0.0,0.04,0.3309380196797676,0,0
0.044148810925359,0.1346153846153846,0.0625,0.0,0.0,0.0,0.0,0.1399999999999999,0.3281817676790425,0,0
0.0323757946785966,0.0,0.0,0.1604272198841842,0.0137324910738807,0.1818181818181818,0.0,0.0,0.45974141094221127,0,0
0.0029432540616906,0.0,0.0,0.1149911545265745,0.0068662455369403,0.0,0.0,0.0,0.30648475011144394,0,0
0.1118436543442429,0.1346153846153846,0.0,0.237728965903721,0.072095578137874,0.0909090909090909,0.25,0.1,0.5009418707676988,1,1
0.0029432540616906,0.0,0.0,0.1771841726460596,0.0068662455369403,0.0,0.0,0.0,0.3048084650377864,0,0
0.1353896868377677,0.1923076923076923,0.3125,0.1615260364587334,0.0858280692117548,0.3181818181818182,0.0,0.19,0.5186688334193671,0,1
0.0794678596656462,0.0576923076923076,0.09375,0.2134451196061835,0.0514968415270528,0.1136363636363636,0.0,0.06,0.5004295414513606,0,1
0.044148810925359,0.0192307692307692,0.0,0.1828980188337155,0.054929964295523,0.0909090909090909,0.0,0.0199999999999999,0.490344792996781,0,0
0.058865081233812,0.0384615384615384,0.0,0.0994428999967032,0.0274649821477615,0.0909090909090909,0.0,0.04,0.4984355891576163,1,0
0.0706380974805744,0.0384615384615384,0.0,0.1376817167910156,0.0205987366108211,0.0909090909090909,0.0,0.04,0.49750181922439823,0,0
0.0353190487402872,0.0576923076923076,0.0,0.0996077224828856,0.0411974732216423,0.0227272727272727,0.0,0.06,0.4997624060489672,0,0
0.1559924652696019,0.0961538461538461,0.0,0.1358686694430095,0.0961274375171654,0.0454545454545454,0.125,0.08,0.5002739750537981,0,1
0.0235460324935248,0.0192307692307692,0.0,0.122572988890964,0.0068662455369403,0.0454545454545454,0.0,0.0199999999999999,0.3829813001471502,0,0
0.0676948434188838,0.0384615384615384,0.0,0.148944586680145,0.0514968415270528,0.0681818181818181,0.0,0.04,0.49936169621807375,0,0
0.0088297621850718,0.0192307692307692,0.0,0.061698550660938,0.0034331227684701,0.0,0.0,0.0199999999999999,0.33269677572622536,0,0
0.0176595243701436,0.0384615384615384,0.0,0.0572483435340137,0.0102993683054105,0.0227272727272727,0.0,0.04,0.3309380196797676,0,0
0.4826936661172589,0.2884615384615385,0.40625,0.7281308031250323,0.4840703103542971,0.9772727272727272,0.0,0.3,0.5549479448948614,1,1
0.0206027784318342,0.0,0.0,0.0847187578977438,0.0102993683054105,0.0681818181818181,0.0,0.0,0.6248358584048203,0,1
0.0176595243701436,0.0192307692307692,0.0,0.0905974265715821,0.0102993683054105,0.0227272727272727,0.0,0.0199999999999999,0.3094294733347314,1,0
0.0353190487402872,0.0,0.0,0.1300449415978987,0.0240318593792913,0.0681818181818181,0.0,0.0,0.4821877465387469,0,0
0.073581351542265,0.0961538461538461,0.0,0.1054863911567239,0.0514968415270528,0.0454545454545454,0.0,0.1,0.4997242699264961,0,0
0.0529785731104308,0.0769230769230769,0.09375,0.1268034327029785,0.0274649821477615,0.0454545454545454,0.0,0.08,0.41776943925997595,0,0
0.073581351542265,0.0384615384615384,0.0,0.1379014801059255,0.0411974732216423,0.0909090909090909,0.0,0.04,0.49971884906858605,0,0
0.1442194490228395,0.0961538461538461,0.0,0.2503653565110369,0.0926943147486952,0.1363636363636363,0.0,0.1,0.5002149259755655,0,1
0.2354603249352482,0.2307692307692307,0.25,0.1260892019295215,0.1338917879703375,0.1590909090909091,0.0,0.24,0.5020444952128678,1,1
0.0529785731104308,0.0384615384615384,0.0,0.1515268056303357,0.0308981049162317,0.0454545454545454,0.0,0.04,0.421890527460089,0,0
0.0176595243701436,0.0192307692307692,0.0,0.0697199116551472,0.0068662455369403,0.0227272727272727,0.0,0.0199999999999999,0.3309380196797676,0,0
0.0941841299740993,0.0576923076923076,0.09375,0.1723493797180431,0.0480637187585827,0.1136363636363636,0.0,0.06,0.500500668317745,0,1
0.0353190487402872,0.0192307692307692,0.0,0.076862219389717,0.0137324910738807,0.0227272727272727,0.0,0.0199999999999999,0.32792926708228065,0,0
0.1412761949611489,0.0769230769230769,0.0,0.1936664212642978,0.0789618236748144,0.1818181818181818,0.0,0.08,0.5008495844292008,0,1
0.0470920649870496,0.0192307692307692,0.0,0.1243860362389702,0.0205987366108211,0.0909090909090909,0.0,0.0199999999999999,0.4577692691025748,1,0
0.0264892865552154,0.0384615384615384,0.0625,0.0636764204951265,0.0137324910738807,0.0227272727272727,0.0,0.04,0.3309380196797676,0,0
0.073581351542265,0.0576923076923076,0.0,0.2216313030865751,0.0514968415270528,0.1136363636363636,0.0,0.06,0.4997674818462069,0,0
0.044148810925359,0.0769230769230769,0.0625,0.1127935213774761,0.0308981049162317,0.0681818181818181,0.0,0.08,0.5297104613038672,1,1
0.1059571462208617,0.0384615384615384,0.0,0.2254222202687699,0.054929964295523,0.0909090909090909,0.0,0.03,0.5000630404444412,1,1
0.0529785731104308,0.0192307692307692,0.0,0.1795466282813405,0.0377643504531721,0.0909090909090909,0.0,0.0199999999999999,0.4903747344645836,1,0
0.0088297621850718,0.0,0.0,0.1125737580625662,0.0068662455369403,0.0227272727272727,0.0,0.0,0.3056981307837388,0,0
0.0824111137273369,0.1923076923076923,0.21875,0.1442196754095834,0.0789618236748144,0.0681818181818181,0.0,0.1999999999999999,0.5593726005918374,0,1
0.0412055568636684,0.0192307692307692,0.0,0.1339457404375483,0.0205987366108211,0.0454545454545454,0.0,0.0199999999999999,0.3824325800687229,0,0
0.1471627030845301,0.0192307692307692,0.0,0.2770665992725826,0.1750892611919798,0.2272727272727273,0.0,0.0199999999999999,0.5007983198127354,0,1
0.2560631033670825,0.173076923076923,0.21875,0.2781654158471318,0.1682230156550394,0.25,0.0,0.18,0.538898793539006,1,1
0.0882976218507181,0.1538461538461538,0.0,0.1031239355214431,0.0583630870639932,0.0227272727272727,0.0,0.16,0.5283435237483862,1,1
0.1618789733929831,0.25,0.3125,0.0,0.0,0.0,0.0,0.26,0.5320027624236461,0,1
0.400282552389922,0.4807692307692308,0.28125,0.3459074576680905,0.3707772589947808,0.3863636363636363,0.0,0.5,0.5549479448948614,1,1
0.0088297621850718,0.0192307692307692,0.0,0.0578526926500157,0.0034331227684701,0.0,0.0,0.0199999999999999,0.33269677572622536,0,0
0.1265599246526959,0.0769230769230769,0.0,0.1924577230322936,0.0858280692117548,0.0909090909090909,0.0,0.08,0.5002470681541108,0,1
0.0323757946785966,0.0,0.0,0.1756458294416908,0.0137324910738807,0.0681818181818181,0.0,0.0,0.49508093240580464,0,0
0.9065222510007058,0.5,0.0625,0.9886602129506492,0.8479813238121376,1.0,0.0,0.52,0.503965461278091,1,1
0.1236166705910053,0.1346153846153846,0.0,0.1807003856846171,0.0686624553694038,0.1136363636363636,0.0,0.1399999999999999,0.5001770077067106,0,1
0.0117730162467624,0.0,0.0,0.094882811212324,0.0034331227684701,0.0454545454545454,0.0,0.0,0.38422747521777667,1,0
0.541558747351071,0.6153846153846154,0.71875,0.5320469853967262,0.5321340291128799,0.4772727272727273,1.0,0.64,0.5549479448948614,0,1
0.0058865081233812,0.0,0.0,0.0851582845275635,0.0068662455369403,0.0227272727272727,0.0,0.0,0.31640921154366913,0,0
0.1677654815163644,0.1346153846153846,0.0,0.1686134033645758,0.1270255424333971,0.25,0.0,0.1399999999999999,0.5027531155519643,0,1
0.1648222274546738,0.1153846153846154,0.0,0.337501510872789,0.1853886294973904,0.0909090909090909,0.0,0.12,0.5006914785653592,0,1
0.0412055568636684,0.0384615384615384,0.0,0.1561967760721698,0.0274649821477615,0.0454545454545454,0.0,0.04,0.38392335176285697,0,0
0.0618083352955026,0.0192307692307692,0.0,0.2316854747437003,0.0240318593792913,0.0454545454545454,0.0,0.0199999999999999,0.369632467846612,1,0
0.0529785731104308,0.0192307692307692,0.0,0.1700418649114898,0.0240318593792913,0.0227272727272727,0.0,0.0199999999999999,0.30465080303247327,0,0
0.1559924652696019,0.0384615384615384,0.0,0.2292131374509646,0.0995605602856355,0.1363636363636363,0.0,0.04,0.5004623483030214,0,1
0.0117730162467624,0.0,0.0,0.1463623677299544,0.0068662455369403,0.0,0.0,0.0,0.3048084650377864,0,0
0.2501765952437013,0.0576923076923076,0.0,1.0,0.1716561384235096,0.2272727272727273,0.0,0.06,0.5019882204308345,0,1
0.0824111137273369,0.0576923076923076,0.09375,0.2213565989429378,0.0514968415270528,0.0454545454545454,0.0,0.06,0.5008450257628753,0,1
0.1295031787143865,0.25,0.3125,0.0,0.0,0.0,0.0,0.26,0.5273956714938973,0,1
0.185425005886508,0.1923076923076923,0.0,0.3121737888294298,0.144191156275748,0.0454545454545454,0.0,0.1999999999999999,0.5045181884308608,0,1
0.6416293854485515,0.3461538461538462,0.15625,0.5941301218587565,0.5733315023345221,0.8409090909090909,1.0,0.2799999999999999,0.5549479448948614,1,1
0.0500353190487402,0.0576923076923076,0.0,0.1050468645269042,0.0205987366108211,0.0454545454545454,0.0,0.06,0.40274027598403334,0,0
0.1471627030845301,0.1346153846153846,0.0,0.0,0.0,0.0,0.0,0.16,0.5007343359551496,0,1
0.0412055568636684,0.1153846153846154,0.1875,0.1511422198292434,0.0274649821477615,0.0454545454545454,0.0,0.12,0.38392335176285697,0,0
0.0176595243701436,0.0,0.0,0.0741701187820715,0.0034331227684701,0.1363636363636363,0.0,0.0,0.6211472966532638,1,1
0.0470920649870496,0.0384615384615384,0.0625,0.2607491731405269,0.0583630870639932,0.1363636363636363,0.0,0.04,0.4975446283128109,1,0
0.2707793736755355,0.2884615384615385,0.40625,0.0,0.0,0.0,0.0,0.2799999999999999,0.5414734614303316,1,1
0.0971273840357899,0.0576923076923076,0.0,0.1915237289439268,0.0686624553694038,0.1363636363636363,0.0,0.06,0.5008825878169132,1,1
0.5445020014127616,0.6153846153846154,0.4375,0.5008955355082562,0.3879428728371317,0.2272727272727273,0.0,0.64,0.5549479448948614,0,1
0.0382623028019778,0.0769230769230769,0.0,0.0717527223180632,0.0274649821477615,0.0454545454545454,0.0,0.08,0.38422747521777667,0,0
0.0647515893571932,0.0576923076923076,0.0,0.1112002373443797,0.0446305959901125,0.0681818181818181,0.0,0.06,0.4992467779439581,0,0
0.0382623028019778,0.0961538461538461,0.0625,0.0862571011021127,0.0377643504531721,0.0227272727272727,0.0,0.1,0.37294342508825024,0,0
0.2619496114904637,0.6346153846153846,0.96875,0.4988077840166127,0.429140346058774,0.3636363636363636,0.0,0.66,0.5549479448948614,0,1
0.0353190487402872,0.0,0.0,0.24597009021284,0.0411974732216423,0.0681818181818181,0.0,0.0,0.490283370016881,0,0
0.200141276194961,0.173076923076923,0.0,0.1910842023141071,0.1647898928865692,0.2045454545454545,0.0,0.15,0.5026611004025664,0,1
0.1530492112079113,0.2115384615384615,0.34375,0.2211917764567554,0.1476242790442183,0.0909090909090909,0.0,0.22,0.5565735825478185,0,1
0.0058865081233812,0.0,0.0,0.1186172492225869,0.0034331227684701,0.0227272727272727,0.0,0.0,0.3049948602304344,1,0
0.5032964445490932,1.0000000000000002,1.0,0.3154152977243499,0.4943696786597077,0.3409090909090909,0.375,1.0,0.5549479448948614,1,1
0.058865081233812,0.0192307692307692,0.0,0.1828980188337155,0.0583630870639932,0.0681818181818181,0.0,0.0199999999999999,0.49052915578375705,0,0
0.4179420767600657,0.9423076923076924,0.09375,0.6109420154493593,0.6522933260093365,0.1136363636363636,1.0,0.98,0.5892282553691388,1,1
0.0470920649870496,0.0961538461538461,0.15625,0.0,0.0,0.0,0.0,0.1,0.3278463115528236,1,0
0.0088297621850718,0.0,0.0,0.1425714505477596,0.0068662455369403,0.0227272727272727,0.0,0.0,0.30366575153784625,0,0
0.044148810925359,0.0769230769230769,0.0,0.1315283439735401,0.0446305959901125,0.0227272727272727,0.0,0.08,0.4998329459951584,0,0
0.0529785731104308,0.0192307692307692,0.0,0.2165218060149213,0.0240318593792913,0.0681818181818181,0.125,0.0199999999999999,0.5032719237368054,0,1
0.1265599246526959,0.0192307692307692,0.0,0.3981012449591778,0.0789618236748144,0.25,0.0,0.0199999999999999,0.5016457572031725,1,1
0.0794678596656462,0.0576923076923076,0.0625,0.1546584328678009,0.0652293326009336,0.1363636363636363,0.0,0.06,0.5006730139722713,1,1
0.1177301624676241,0.1346153846153846,0.125,0.0863120419308402,0.054929964295523,0.0909090909090909,0.125,0.1399999999999999,0.5008875733926849,0,1
0.0235460324935248,0.0192307692307692,0.0,0.121254409001505,0.0102993683054105,0.0,0.0,0.0199999999999999,0.30584230670835205,0,0
0.0470920649870496,0.0192307692307692,0.0,0.1512521014866984,0.0240318593792913,0.0227272727272727,0.0,0.0199999999999999,0.3029955910933247,0,0
0.2178008005651046,0.0,0.0,1.0,0.1922548750343308,0.2727272727272727,0.25,0.0,0.5017944219762676,0,1
0.1677654815163644,0.1153846153846154,0.125,0.0,0.0,0.0,0.0,0.12,0.5104024307387842,0,1
0.1648222274546738,0.25,0.0,0.4406254463942322,0.1064268058225759,0.0681818181818181,0.0,0.26,0.5020391805333457,0,1
0.4915234283023307,0.3269230769230769,0.46875,0.4704583163932431,0.3467453996154894,0.3636363636363636,0.25,0.34,0.5549479448948614,0,1
0.0235460324935248,0.0,0.0,0.061698550660938,0.0102993683054105,0.0454545454545454,0.0,0.0,0.38422747521777667,0,0
0.0206027784318342,0.0192307692307692,0.0,0.0690056808816902,0.0102993683054105,0.0227272727272727,0.0,0.0199999999999999,0.3309380196797676,0,0
0.1206734165293147,0.0576923076923076,0.0625,0.1802608590547975,0.0961274375171654,0.1363636363636363,0.0,0.06,0.5005772653114157,1,1
0.1442194490228395,0.0961538461538461,0.0,0.1713604448009489,0.1064268058225759,0.2272727272727273,0.25,0.1,0.5013113682430429,1,1
0.4238285848834469,0.25,0.21875,0.4441416594327896,0.3536116451524298,0.4772727272727273,0.125,0.25,0.5549479448948614,1,1
0.0500353190487402,0.0192307692307692,0.0,0.1644379003812889,0.0308981049162317,0.1136363636363636,0.375,0.0199999999999999,0.5054485398576865,0,1
0.0029432540616906,0.0,0.0,0.0452712428714273,0.0034331227684701,0.0,0.0,0.0,0.33269677572622536,0,0
0.1059571462208617,0.1923076923076923,0.28125,0.0,0.0,0.0,0.0,0.1999999999999999,0.5650872132407282,1,1
0.029432540616906,0.0384615384615384,0.0625,0.0798290241409999,0.0137324910738807,0.0454545454545454,0.0,0.04,0.38422747521777667,0,0
0.0529785731104308,0.0,0.0,0.202292131374509,0.0480637187585827,0.0909090909090909,0.0,0.0,0.49038680404073987,0,0
0.1883682599481986,0.0961538461538461,0.0,0.2707484039689247,0.1201592968964567,0.2272727272727273,0.125,0.1,0.5012157159759564,1,1
0.044148810925359,0.0,0.0,0.2222356522025772,0.0205987366108211,0.0909090909090909,0.0,0.0,0.5495193292411878,0,1
0.712267482929126,0.2692307692307693,0.125,0.8397156262705043,0.5904971161768732,1.0,0.0,0.2799999999999999,0.5459729945743367,0,1
0.0235460324935248,0.0192307692307692,0.0,0.0565341127605567,0.0137324910738807,0.0454545454545454,0.0,0.0199999999999999,0.38422747521777667,0,0
0.0794678596656462,0.0192307692307692,0.0,0.2198731965672964,0.0480637187585827,0.1136363636363636,0.0,0.0199999999999999,0.54043225993435,1,1
0.1383329408994583,0.1538461538461538,0.125,0.1970178118166728,0.0617962098324634,0.2045454545454545,0.0,0.16,0.5081884889938239,1,1
0.0794678596656462,0.0769230769230769,0.125,0.1969079301592179,0.0514968415270528,0.0454545454545454,0.0,0.08,0.500617800036719,0,1
0.0529785731104308,0.0384615384615384,0.0,0.1096069533112834,0.0274649821477615,0.1136363636363636,0.0,0.04,0.4931501266578666,0,0
0.556275017659524,0.6538461538461539,0.46875,0.2925599129737264,0.4085416094479529,0.2727272727272727,0.0,0.68,0.5549479448948614,1,1
0.0323757946785966,0.0384615384615384,0.0,0.0980144384497893,0.0137324910738807,0.0227272727272727,0.0,0.04,0.3079712015114849,0,0
0.0382623028019778,0.0576923076923076,0.0625,0.173887722922412,0.0137324910738807,0.0,0.0,0.06,0.3031746799399143,1,0
0.0647515893571932,0.0192307692307692,0.0,0.16636082938675,0.0137324910738807,0.0681818181818181,0.0,0.0199999999999999,0.4585588160684578,0,0
0.2472333411820106,0.2692307692307693,0.21875,0.2721768655158386,0.2128536116451519,0.3181818181818182,0.0,0.2799999999999999,0.5547206459056117,0,1
0.014716270308453,0.0192307692307692,0.0,0.0786203259089957,0.0102993683054105,0.0227272727272727,0.0,0.0199999999999999,0.3255789660816882,0,0
0.6946079585589824,0.75,0.15625,0.463645653631038,0.875446305959899,0.7045454545454546,1.0,0.73,0.5549479448948614,1,1
0.2354603249352482,0.3461538461538462,0.0,0.2641555045216294,0.1167261741279865,0.4772727272727273,0.0,0.1999999999999999,0.5016347204693793,0,1
0.0676948434188838,0.0192307692307692,0.0,0.111584823145472,0.0274649821477615,0.1363636363636363,0.0,0.0199999999999999,0.45878157397245917,0,0
0.0941841299740993,0.0769230769230769,0.0,0.2471238476161167,0.0583630870639932,0.0909090909090909,0.0,0.08,0.5002034387556078,1,1
0.370850011773016,0.1923076923076923,0.21875,0.5674288790972107,0.3639110134578404,0.4318181818181818,0.25,0.1999999999999999,0.551411493746902,1,1
0.1501059571462207,0.0,0.0,0.9790455679233436,0.1647898928865692,0.2272727272727273,0.0,0.0,0.5008367057534117,0,1
0.1324464327760771,0.2307692307692307,0.34375,0.1917984330875641,0.1235924196649269,0.1363636363636363,0.0,0.24,0.5270472087002558,0,1
0.0412055568636684,0.0192307692307692,0.0,0.1668552968452971,0.0205987366108211,0.0,0.0,0.0199999999999999,0.3026960229903268,1,0
0.1147869084059335,0.1346153846153846,0.1875,0.0,0.0,0.0,0.0,0.1399999999999999,0.5039978231947715,0,1
0.0264892865552154,0.0192307692307692,0.0,0.0988934917094286,0.0034331227684701,0.0454545454545454,0.25,0.0199999999999999,0.38422747521777667,1,0
0.0824111137273369,0.0,0.0,0.2744294394936645,0.0617962098324634,0.2045454545454545,0.0,0.0,0.5062069163631401,0,1
0.0058865081233812,0.0,0.0,0.1171887876756729,0.0068662455369403,0.0,0.0,0.0,0.30624196083011024,0,0
0.0500353190487402,0.0384615384615384,0.0625,0.1160899711011237,0.0343312276847019,0.0454545454545454,0.0,0.04,0.46431728625150676,0,0
0.1559924652696019,0.1538461538461538,0.125,0.2028964804905111,0.0961274375171654,0.1136363636363636,0.0,0.16,0.5405785556731706,0,1
0.1059571462208617,0.0384615384615384,0.0,0.0,0.0,0.0,0.0,0.04,0.5033136757945976,1,1
0.0176595243701436,0.0192307692307692,0.0,0.0633467755227618,0.0068662455369403,0.0454545454545454,0.0,0.0199999999999999,0.38422747521777667,0,0
0.0794678596656462,0.2884615384615385,0.25,0.259925060709615,0.2952485580884366,0.1136363636363636,0.125,0.3,0.6135138190489706,0,1
0.044148810925359,0.0961538461538461,0.15625,0.0,0.0,0.0,0.0,0.1,0.3281817676790425,0,0
0.0323757946785966,0.0192307692307692,0.0,0.0848835803839262,0.0137324910738807,0.0227272727272727,0.0,0.0199999999999999,0.3168087605558176,0,0
0.0264892865552154,0.0192307692307692,0.0,0.0789499708813605,0.0137324910738807,0.0681818181818181,0.0,0.0199999999999999,0.6248358584048203,0,1
0.3943960442665408,0.2884615384615385,0.125,0.3796960673354786,0.1991211205712711,0.5454545454545454,0.375,0.27,0.5459729945743367,0,1
0.4503178714386623,0.1923076923076923,0.125,0.4060127242959321,0.3295797857731384,0.4545454545454546,0.0,0.1999999999999999,0.5459729945743367,0,1
0.6445726395102421,1.0000000000000002,1.0,0.4342523102618468,0.8239494644328462,0.3409090909090909,0.0,1.0,0.5549479448948614,0,1
0.4414881092535905,0.7307692307692307,0.78125,0.0,0.0,0.0,0.0,0.74,0.5414734614303316,1,1
0.0882976218507181,0.0576923076923076,0.0,0.433208434516025,0.0583630870639932,0.0681818181818181,0.0,0.06,0.5002467115848303,0,1
0.0500353190487402,0.1153846153846154,0.15625,0.105266627841814,0.0652293326009336,0.1363636363636363,0.0,0.12,0.4981160293549569,0,0
0.0382623028019778,0.0192307692307692,0.0,0.119825947454591,0.0171656138423509,0.0454545454545454,0.0,0.0199999999999999,0.38319298481787506,0,0
0.1030138921591711,0.1346153846153846,0.15625,0.1505928115419688,0.0823949464432846,0.0681818181818181,0.0,0.1399999999999999,0.5007153459552854,1,1
0.1442194490228395,0.1153846153846154,0.0,0.1774039359609695,0.089261191980225,0.1136363636363636,0.25,0.12,0.49999999999999983,0,0
0.1265599246526959,0.1153846153846154,0.125,0.0965859769028753,0.0961274375171654,0.1136363636363636,0.0,0.12,0.5004268728291896,0,1
0.0,0.0,0.0,0.0425791422637817,0.0034331227684701,0.0,0.0,0.0,0.33269677572622536,0,0
0.0794678596656462,0.0961538461538461,0.0625,0.1197710066258636,0.0480637187585827,0.1136363636363636,0.0,0.1,0.5004295414513606,0,1
0.1383329408994583,0.173076923076923,0.0,0.1735031371213198,0.1029936830541057,0.0227272727272727,0.625,0.15,0.5124740782607646,0,1
0.0765246056039556,0.1346153846153846,0.21875,0.0625226630918499,0.0583630870639932,0.0909090909090909,0.0,0.1399999999999999,0.49982114300932545,0,0
0.0559218271721214,0.1153846153846154,0.125,0.1041678112672648,0.0480637187585827,0.0454545454545454,0.0,0.12,0.4982455962176896,0,0
0.229573816811867,0.173076923076923,0.1875,0.0,0.0,0.0,0.0,0.18,0.521386883443265,0,1
0.1824817518248174,0.2692307692307693,0.15625,0.2047644686672448,0.0926943147486952,0.2727272727272727,0.0,0.26,0.5332628302067629,0,1
0.0470920649870496,0.0769230769230769,0.09375,0.171854912259496,0.0343312276847019,0.0,0.0,0.08,0.3161021890081429,0,0
0.0794678596656462,0.1538461538461538,0.0,0.0,0.0,0.0,0.0,0.09,0.43377643619798506,0,0
0.0117730162467624,0.0192307692307692,0.0,0.0918061248035862,0.0102993683054105,0.0,0.0,0.0199999999999999,0.3101328954792115,0,0
0.0353190487402872,0.0192307692307692,0.0,0.1554825452987128,0.0240318593792913,0.0681818181818181,0.0,0.0199999999999999,0.4821877465387469,0,0
0.3796797739580878,0.2884615384615385,0.3125,0.3656312151812487,0.3330129085416087,0.4090909090909091,0.5,0.29,0.5549479448948614,0,1
0.1030138921591711,0.0384615384615384,0.0,0.1961936993857609,0.0961274375171654,0.0909090909090909,0.0,0.04,0.5008064462923891,1,1
0.4738639039321871,0.2884615384615385,0.3125,0.0,0.0,0.0,0.0,0.3,0.5414734614303316,1,1
0.0176595243701436,0.0192307692307692,0.0,0.1279022492775277,0.0171656138423509,0.0,0.0,0.0199999999999999,0.3053277538300709,0,0
0.0323757946785966,0.0384615384615384,0.0,0.1687232850220308,0.0308981049162317,0.0454545454545454,0.0,0.04,0.3865555801765441,1,0
0.0470920649870496,0.0384615384615384,0.0,0.0,0.0,0.0,0.0,0.04,0.3278463115528236,0,0
0.0264892865552154,0.0576923076923076,0.0625,0.0715878998318808,0.0102993683054105,0.0227272727272727,0.0,0.06,0.3309380196797676,0,0
0.1118436543442429,0.1153846153846154,0.09375,0.1363631369015566,0.0480637187585827,0.1363636363636363,0.625,0.12,0.5006319161274508,1,1
0.1089004002825523,0.0384615384615384,0.0,0.2487171316492131,0.0755287009063442,0.1363636363636363,0.0,0.03,0.5006797208580265,0,1
0.0235460324935248,0.0192307692307692,0.0,0.1999296757392283,0.0171656138423509,0.0,0.0,0.0199999999999999,0.3048084650377864,0,0
0.0117730162467624,0.0384615384615384,0.0625,0.0753238761853481,0.0102993683054105,0.0,0.0,0.04,0.3265105876815839,0,0
0.2119142924417234,0.0961538461538461,0.0,0.2174008592745606,0.1544905245811586,0.1818181818181818,0.0,0.1,0.5022752320825729,0,1
0.0794678596656462,0.0961538461538461,0.15625,0.2234992912633087,0.0480637187585827,0.0454545454545454,0.25,0.1,0.500617800036719,0,1
0.1147869084059335,0.0576923076923076,0.0,0.0,0.0,0.0,0.0,0.04,0.5019154401004642,0,1
0.0058865081233812,0.0,0.0,0.094882811212324,0.0034331227684701,0.0,0.0,0.0,0.3095383515896782,0,0
0.0176595243701436,0.0,0.0,0.1967431076730356,0.0274649821477615,0.0,0.0,0.0,0.3043007279454266,0,0
0.0088297621850718,0.0,0.0,0.0380190534794025,0.0102993683054105,0.0,0.0,0.0,0.33269677572622536,0,0
0.1089004002825523,0.0,0.0,0.209928906567626,0.0686624553694038,0.1818181818181818,0.125,0.0,0.5036319419682882,0,1
0.0824111137273369,0.1153846153846154,0.0,0.1401540540837514,0.054929964295523,0.0454545454545454,0.0,0.1399999999999999,0.5008450257628753,0,1
0.1118436543442429,0.0576923076923076,0.0,0.22520245695386,0.1132930513595163,0.0681818181818181,0.0,0.06,0.5005821580005579,0,1
1.0,0.0961538461538461,0.0,1.0,1.0,1.0,0.125,0.16,0.5018837379001079,0,1
0.2619496114904637,0.1153846153846154,0.09375,0.2265210368433191,0.1682230156550394,0.3409090909090909,0.125,0.12,0.5172418627753401,0,1
0.2178008005651046,0.2115384615384615,0.0,0.1964134627006708,0.0858280692117548,0.4772727272727273,0.0,0.1699999999999999,0.5032058774854719,1,1
0.1206734165293147,0.0769230769230769,0.09375,0.1610315690001863,0.0652293326009336,0.1590909090909091,0.0,0.08,0.502295089672882,0,1
0.1147869084059335,0.0384615384615384,0.0,0.0,0.0,0.0,0.0,0.04,0.5028750114145487,0,1
0.044148810925359,0.0576923076923076,0.0,0.1160899711011237,0.0240318593792913,0.0681818181818181,0.0,0.06,0.4897069101147196,0,0
0.0412055568636684,0.0192307692307692,0.0,0.1415825156306653,0.0240318593792913,0.0909090909090909,0.0,0.0199999999999999,0.4621638972855595,0,0
0.0206027784318342,0.0769230769230769,0.0,0.0566439944180116,0.0171656138423509,0.0,0.0,0.08,0.33269677572622536,1,0
0.029432540616906,0.0,0.0,0.1169140835320356,0.0171656138423509,0.1136363636363636,0.0,0.0,0.4619318960578876,0,0
0.5915940663998113,0.4807692307692308,0.65625,0.0,0.0,0.0,0.0,0.5,0.5414734614303316,0,1
0.0,0.0,0.0,0.0497214499983516,0.0034331227684701,0.0,0.0,0.0,0.33269677572622536,0,0
0.2207440546267952,0.25,0.0,0.2775610667311298,0.17852238396045,0.1818181818181818,0.875,0.1699999999999999,0.5023371148100584,1,1
0.0470920649870496,0.0384615384615384,0.0,0.1287813025371671,0.0205987366108211,0.0909090909090909,0.0,0.04,0.4594932402318981,0,0
0.1324464327760771,0.1346153846153846,0.09375,0.0,0.0,0.0,0.0,0.1399999999999999,0.5212445947204611,1,1
0.0058865081233812,0.0192307692307692,0.0,0.1075741426483674,0.0068662455369403,0.0227272727272727,0.0,0.0199999999999999,0.3063877735475085,1,0
0.0853543677890275,0.0961538461538461,0.15625,0.1290010658520769,0.0514968415270528,0.1136363636363636,0.0,0.1,0.5006298147758611,0,1
0.0264892865552154,0.0384615384615384,0.0625,0.1355390244706447,0.0171656138423509,0.0454545454545454,0.0,0.04,0.3823943421615911,0,0
0.3885095361431596,0.5769230769230769,0.71875,0.2082806817058022,0.3089810491623173,0.4772727272727273,0.0,0.57,0.5344225854736745,0,1
0.0706380974805744,0.0769230769230769,0.0625,0.1451536694979503,0.0617962098324634,0.1136363636363636,0.0,0.08,0.49963293386617424,1,0
0.0206027784318342,0.0192307692307692,0.0,0.0384585801092222,0.0034331227684701,0.0,0.0,0.0199999999999999,0.33269677572622536,0,0
0.044148810925359,0.0384615384615384,0.0625,0.1223532255760542,0.0240318593792913,0.0681818181818181,0.0,0.04,0.47300561806569213,0,0
0.0058865081233812,0.0,0.0,0.0425791422637817,0.0034331227684701,0.0,0.0,0.0,0.33269677572622536,0,0
0.1059571462208617,0.0192307692307692,0.0,0.1855901194413611,0.0583630870639932,0.1363636363636363,0.0,0.0199999999999999,0.5029861632402138,0,1
0.1059571462208617,0.1153846153846154,0.0,0.1611414506576412,0.1167261741279865,0.1136363636363636,0.125,0.12,0.5003821300022586,0,1
0.0088297621850718,0.0192307692307692,0.0,0.1163097344160336,0.0171656138423509,0.0227272727272727,0.0,0.0199999999999999,0.3052461553887593,0,0
0.3531904874028724,0.3269230769230769,0.28125,0.2944279011504601,0.3124141719307875,0.1590909090909091,0.0,0.34,0.583661221864186,1,1
0.0500353190487402,0.0769230769230769,0.125,0.0,0.0,0.0,0.0,0.08,0.32784336650157564,0,0
0.3090416764775133,0.2307692307692307,0.3125,0.2311910072851532,0.1476242790442183,0.3636363636363636,0.0,0.24,0.5418741137146477,0,1
0.0206027784318342,0.0,0.0,0.0593360950256572,0.0034331227684701,0.0,0.0,0.0,0.33269677572622536,0,0
0.1000706380974805,0.5384615384615384,0.5,0.2025118946894189,0.144191156275748,0.1136363636363636,0.125,0.56,0.5194961470813534,1,1
0.0088297621850718,0.0,0.0,0.0705989649147865,0.0034331227684701,0.0227272727272727,0.0,0.0,0.3309380196797676,1,0
0.0794678596656462,0.0,0.0,0.4646895293768598,0.0514968415270528,0.0,0.0,0.0,0.5083922033199034,0,1
0.0206027784318342,0.0192307692307692,0.0,0.0386234025954046,0.0068662455369403,0.0454545454545454,0.0,0.0199999999999999,0.38422747521777667,0,0
0.0765246056039556,0.0576923076923076,0.0,0.0,0.0,0.0,0.0,0.06,0.4858681657496775,0,0
0.0235460324935248,0.0576923076923076,0.0625,0.0812025448591864,0.0137324910738807,0.0227272727272727,0.0,0.06,0.3220397488108295,0,0
0.3531904874028724,0.7307692307692307,0.28125,0.0,0.0,0.0,0.0,0.76,0.5414734614303316,0,1
0.0353190487402872,0.0384615384615384,0.0625,0.0712033140307886,0.0171656138423509,0.0681818181818181,0.0,0.04,0.6818494526067218,0,1
0.1913115140098892,0.1923076923076923,0.1875,0.0,0.0,0.0,0.0,0.1999999999999999,0.5361206300712692,1,1
0.073581351542265,0.0576923076923076,0.09375,0.1533398529783418,0.0343312276847019,0.0681818181818181,0.0,0.06,0.49886046006833545,0,0
0.1118436543442429,0.0769230769230769,0.0,0.1534497346357968,0.0343312276847019,0.1590909090909091,0.0,0.0499999999999999,0.5012477815287132,0,1
0.0470920649870496,0.0,0.0,0.0,0.0,0.0,0.0,0.0,0.3278463115528236,1,0
0.0529785731104308,0.1346153846153846,0.21875,0.1779533442482441,0.0377643504531721,0.0454545454545454,0.0,0.1399999999999999,0.4980301260831467,0,0
0.029432540616906,0.0192307692307692,0.0,0.1354840836419172,0.0274649821477615,0.0454545454545454,0.0,0.0199999999999999,0.3824325800687229,0,0
0.3885095361431596,0.7884615384615384,0.96875,0.5750656542903276,0.3982422411425423,0.5,0.0,0.8200000000000001,0.5549479448948614,1,1
0.0323757946785966,0.0192307692307692,0.0,0.0753238761853481,0.0102993683054105,0.0909090909090909,0.0,0.0199999999999999,0.623839995418239,0,1
0.2119142924417234,0.1346153846153846,0.0,0.3415121913698936,0.1338917879703375,0.25,0.0,0.1399999999999999,0.5013078425148596,0,1
0.2060277843183422,0.173076923076923,0.1875,0.0,0.0,0.0,0.0,0.1699999999999999,0.5381537927355369,0,1
0.2384035789969388,0.0961538461538461,0.0625,0.0,0.0,0.0,0.0,0.1,0.5020199739207676,0,1
0.0176595243701436,0.0192307692307692,0.0,0.0730713022075223,0.0137324910738807,0.0227272727272727,0.0,0.0199999999999999,0.3309380196797676,0,0
0.0470920649870496,0.0769230769230769,0.0,0.0703242607711492,0.0446305959901125,0.0227272727272727,0.0,0.08,0.4998329459951584,0,0
0.1471627030845301,0.173076923076923,0.0,0.1914687881151993,0.089261191980225,0.1818181818181818,0.125,0.18,0.500812039345329,1,1
0.0470920649870496,0.0384615384615384,0.0,0.1429560363488518,0.0240318593792913,0.0681818181818181,0.0,0.04,0.4594932402318981,0,0
0.1677654815163644,0.1538461538461538,0.25,0.1546034920390734,0.1132930513595163,0.2727272727272727,0.0,0.16,0.5032473232698327,0,1
0.014716270308453,0.0384615384615384,0.0,0.0,0.0,0.0,0.0,0.04,0.33269677572622536,0,0
0.0088297621850718,0.0,0.0,0.0425242014350543,0.0,0.0,0.0,0.0,0.33269677572622536,0,0
0.1412761949611489,0.1346153846153846,0.1875,0.0,0.0,0.0,0.0,0.1399999999999999,0.5290804136530113,0,1
0.3002119142924415,0.5,0.625,0.0,0.0,0.0,0.0,0.52,0.5414734614303316,1,1
0.1589357193312925,0.173076923076923,0.0,0.2753634335820313,0.144191156275748,0.2045454545454545,0.0,0.1699999999999999,0.5011381647308455,0,1
0.0412055568636684,0.0,0.0,0.4434274286593326,0.0171656138423509,0.1136363636363636,0.0,0.0,0.6226056815345903,0,1
0.1089004002825523,0.0769230769230769,0.125,0.1598778115969096,0.0926943147486952,0.1818181818181818,0.0,0.08,0.5047655729405569,0,1
0.0029432540616906,0.0,0.0,0.0540068346390935,0.0034331227684701,0.0,0.0,0.0,0.33269677572622536,0,0
0.1736519896397456,0.1923076923076923,0.0625,0.1555374861274402,0.0755287009063442,0.2045454545454545,0.25,0.1999999999999999,0.5166050021324041,1,1
0.5915940663998113,0.7115384615384616,0.65625,0.2817365697144168,0.3570447679209,0.3181818181818182,0.75,0.74,0.5549479448948614,1,1
0.2119142924417234,0.1346153846153846,0.09375,0.0,0.0,0.0,0.0,0.1399999999999999,0.5117035197966459,1,1
0.0323757946785966,0.0769230769230769,0.0625,0.0875756809915718,0.0171656138423509,0.0,0.0,0.08,0.31100231432773817,0,0
0.24429008712032,0.2307692307692307,0.1875,0.1277923676200728,0.1132930513595163,0.1818181818181818,0.0,0.24,0.5031418287578884,0,1
0.1471627030845301,0.1153846153846154,0.0,0.1785576933642462,0.0789618236748144,0.2045454545454545,0.125,0.11,0.5009621174461631,0,1
0.0,0.0,0.0,0.0834551188370123,0.0068662455369403,0.0,0.0,0.0,0.3155347261007211,0,0
0.1265599246526959,0.0961538461538461,0.0,0.2031711846341484,0.0755287009063442,0.1590909090909091,0.0,0.1,0.5009148499472184,0,1
0.356133741464563,0.2307692307692307,0.375,0.0,0.0,0.0,0.0,0.24,0.5414734614303316,0,1
0.1471627030845301,0.0769230769230769,0.09375,0.2188293208214746,0.0926943147486952,0.25,0.0,0.08,0.5040603162079682,1,1
0.0971273840357899,0.0576923076923076,0.0,0.2127308888327265,0.1544905245811586,0.0681818181818181,0.0,0.0499999999999999,0.5007404455421167,0,1
0.170708735578055,0.1153846153846154,0.1875,0.2997571615370238,0.1579236473496288,0.2045454545454545,0.0,0.12,0.518442473806713,1,1
0.0176595243701436,0.0769230769230769,0.09375,0.1780082850769715,0.1098599285910461,0.0454545454545454,0.0,0.08,0.575401538542171,0,1
0.0353190487402872,0.0769230769230769,0.0,0.0696100299976922,0.0343312276847019,0.0227272727272727,0.0,0.08,0.3352271326093988,0,0
0.2178008005651046,0.0,0.0,0.31195402551452,0.1476242790442183,0.2272727272727273,0.0,0.0,0.5017944219762676,0,1
0.0029432540616906,0.0,0.0,0.0359862428164865,0.0034331227684701,0.0227272727272727,0.0,0.0,0.3309380196797676,0,0
0.1383329408994583,0.1153846153846154,0.15625,0.2497060665663074,0.089261191980225,0.1590909090909091,0.0,0.12,0.5177042708603211,1,1
0.0559218271721214,0.0192307692307692,0.0,0.1833375454635352,0.0480637187585827,0.0909090909090909,0.0,0.0199999999999999,0.49041976156111133,1,0
0.2560631033670825,0.1923076923076923,0.3125,0.3676640258441648,0.1647898928865692,0.3409090909090909,0.0,0.1999999999999999,0.551411493746902,1,1
0.0206027784318342,0.0192307692307692,0.0,0.1188370125374967,0.0274649821477615,0.0454545454545454,0.0,0.0199999999999999,0.3832750670690313,0,0
0.0382623028019778,0.0192307692307692,0.0,0.1622402672321904,0.0205987366108211,0.0227272727272727,0.0,0.0199999999999999,0.3031178638573454,0,0
0.0029432540616906,0.0192307692307692,0.0,0.0451613612139724,0.0068662455369403,0.0,0.0,0.0199999999999999,0.33269677572622536,0,0
0.058865081233812,0.0384615384615384,0.0,0.1236718054655133,0.0274649821477615,0.0681818181818181,0.0,0.04,0.49198654426619065,0,0
0.1206734165293147,0.0769230769230769,0.0,0.2492115991077602,0.0789618236748144,0.1590909090909091,0.125,0.08,0.5011788533849141,1,1
0.0412055568636684,0.0384615384615384,0.0,0.1333413913215463,0.0205987366108211,0.0454545454545454,0.0,0.04,0.38392335176285697,0,0
0.0323757946785966,0.0192307692307692,0.0,0.1533947938070693,0.0308981049162317,0.0227272727272727,0.0,0.0199999999999999,0.30858546395436515,0,0
0.3620202495879442,0.5192307692307693,0.4375,0.3332710670607746,0.4257072232903038,0.0909090909090909,0.0,0.54,0.6920703713234378,1,1
0.2472333411820106,0.2115384615384615,0.21875,0.1589987583372703,0.1201592968964567,0.25,0.0,0.22,0.5041099150538737,1,1
0.4503178714386623,0.173076923076923,0.0,0.2525629896601353,0.2883823125514961,0.4545454545454546,0.0,0.18,0.5019248508838802,0,1
0.0353190487402872,0.1346153846153846,0.21875,0.1473513026470487,0.0308981049162317,0.0227272727272727,0.0,0.1399999999999999,0.3088089956415387,0,0
0.0647515893571932,0.1346153846153846,0.09375,0.1287263617084396,0.0411974732216423,0.0681818181818181,0.0,0.1399999999999999,0.49899561589535757,0,0
0.0470920649870496,0.0192307692307692,0.0,0.169712219939125,0.0308981049162317,0.1136363636363636,0.0,0.0199999999999999,0.5054485398576865,0,1
0.029432540616906,0.0,0.0,0.2256419835836797,0.0240318593792913,0.0681818181818181,0.0,0.0,0.5884863239804028,0,1
0.2060277843183422,0.0769230769230769,0.09375,0.3968376058984462,0.1407580335072779,0.1818181818181818,0.0,0.08,0.5022834916239891,0,1
0.1412761949611489,0.0,0.0,0.2400364807102743,0.0823949464432846,0.0909090909090909,0.0,0.0,0.500181862981615,0,1
0.1206734165293147,0.0769230769230769,0.0,0.2921753271726342,0.0583630870639932,0.1818181818181818,0.0,0.12,0.5019833782731112,1,1
0.0941841299740993,0.0961538461538461,0.09375,0.1679541134198463,0.0755287009063442,0.1363636363636363,0.0,0.1,0.5009362651247892,0,1
0.1089004002825523,0.0576923076923076,0.0625,0.144878965354313,0.0308981049162317,0.1818181818181818,0.25,0.06,0.5033190808860943,1,1
0.3502472333411818,0.2307692307692307,0.34375,0.3589833749052261,0.2197198571820923,0.3181818181818182,0.0,0.24,0.5549479448948614,0,1
0.1765952437014362,0.0961538461538461,0.0,0.2803630489962302,0.1201592968964567,0.1363636363636363,0.0,0.1,0.5012223070706971,0,1
0.170708735578055,0.1923076923076923,0.1875,0.2405858889975489,0.1510574018126884,0.2727272727272727,0.0,0.1999999999999999,0.5383096799459139,1,1
0.0412055568636684,0.0961538461538461,0.0625,0.0,0.0,0.0,0.0,0.1,0.32887307554274586,1,0
0.0412055568636684,0.0384615384615384,0.0,0.1646576636961987,0.0205987366108211,0.0227272727272727,0.0,0.04,0.30298123559660917,0,0
0.1530492112079113,0.0,0.0,0.5098508905908322,0.0961274375171654,0.3181818181818182,0.0,0.0,0.5008747762753631,0,1
0.0824111137273369,0.0384615384615384,0.0,0.316733877613809,0.0446305959901125,0.1136363636363636,0.0,0.04,0.5006621529019296,0,1
0.8005651047798441,0.673076923076923,0.28125,0.2837693803773328,0.6831914309255683,0.8181818181818182,0.0,0.7,0.5549479448948614,0,1
0.4091123145749938,0.4807692307692308,0.25,0.2940982561780954,0.2265861027190327,0.4772727272727273,0.0,0.5,0.5549479448948614,0,1
0.2354603249352482,0.1923076923076923,0.1875,0.0,0.0,0.0,0.0,0.1999999999999999,0.537432358444565,0,1
0.0500353190487402,0.0,0.0,0.2010284923137775,0.0308981049162317,0.1363636363636363,0.0,0.0,0.46465344854236285,0,0
0.2619496114904637,0.2692307692307693,0.28125,0.1529552671772496,0.1270255424333971,0.2045454545454545,0.125,0.2799999999999999,0.5041099150538737,0,1
0.4738639039321871,0.4230769230769231,0.125,0.3449185227509962,0.4051084866794827,0.5681818181818182,0.25,0.34,0.5459729945743367,1,1
0.0559218271721214,0.0192307692307692,0.0,0.1867438768446378,0.0171656138423509,0.0227272727272727,0.0,0.0199999999999999,0.3059357578626989,0,0
0.0058865081233812,0.0192307692307692,0.0,0.0632918346940343,0.0034331227684701,0.0,0.0,0.0199999999999999,0.33269677572622536,0,0
0.0500353190487402,0.0961538461538461,0.0,0.1306492907139007,0.0514968415270528,0.0227272727272727,0.125,0.1,0.49996588434513783,0,0
0.5827643042147395,1.0000000000000002,0.0,0.6205566604766649,0.6213952210931049,0.9545454545454546,0.0,1.0,0.5023895180621549,1,1
0.1147869084059335,0.0769230769230769,0.0,0.2758579010405785,0.1201592968964567,0.1590909090909091,0.0,0.08,0.5013261124409562,0,1
0.0088297621850718,0.0,0.0,0.0879053259639365,0.0068662455369403,0.0,0.0,0.0,0.3109326184936672,0,0
0.0323757946785966,0.0961538461538461,0.125,0.1863592910435455,0.1167261741279865,0.0454545454545454,0.125,0.1,0.6104227786561727,0,1
0.0794678596656462,0.0192307692307692,0.0,0.0542265979540033,0.0068662455369403,0.4545454545454546,0.0,0.0199999999999999,0.7558262379817201,0,1
0.0,0.0,0.0,0.0743898820969813,0.0068662455369403,0.0,0.0,0.0,0.3277079418709826,0,0
0.1000706380974805,0.1538461538461538,0.21875,0.1065852077312731,0.0583630870639932,0.0909090909090909,0.0,0.16,0.5003163756469245,0,1
0.3208146927242757,0.3461538461538462,0.0,0.3364576351269673,0.2780829442460856,0.2727272727272727,0.0,0.36,0.5023895180621549,1,1
0.2707793736755355,0.2692307692307693,0.25,0.2327842913182495,0.2471848393298538,0.3181818181818182,0.125,0.26,0.542385366165518,1,1
0.1471627030845301,0.173076923076923,0.0625,0.1637236696078319,0.1373249107388077,0.4090909090909091,0.0,0.18,0.5194256627252745,0,1
0.0235460324935248,0.0192307692307692,0.0,0.1003219532563426,0.0068662455369403,0.0,0.0,0.0199999999999999,0.308567632327576,0,0
0.0500353190487402,0.0192307692307692,0.0,0.1186172492225869,0.0102993683054105,0.0454545454545454,0.0,0.0199999999999999,0.38329382897940784,0,0
0.4385448551918999,0.5192307692307693,0.1875,0.3368971617567869,0.2986816808569068,0.3863636363636363,0.5,0.54,0.5549479448948614,0,1
0.1824817518248174,0.1346153846153846,0.0,0.1990506224795889,0.1201592968964567,0.2045454545454545,0.0,0.12,0.5014752131372385,0,1
0.1324464327760771,0.1153846153846154,0.125,0.0,0.0,0.0,0.0,0.12,0.5075117270739926,1,1
0.1530492112079113,0.2115384615384615,0.28125,0.1724592613754981,0.0926943147486952,0.2045454545454545,0.0,0.22,0.5224163413162429,0,1
0.058865081233812,0.0576923076923076,0.0,0.1486698825365077,0.0377643504531721,0.1590909090909091,0.0,0.06,0.4991347427562054,0,0
0.0176595243701436,0.0192307692307692,0.0,0.1497686991110569,0.0137324910738807,0.0,0.0,0.0199999999999999,0.3048084650377864,0,0
0.3649635036496348,0.6153846153846154,1.0,0.4555693518081014,0.4875034331227673,0.1818181818181818,0.0,0.64,0.5648282168348048,0,1
0.2060277843183422,0.0576923076923076,0.0625,0.4134297361741392,0.0926943147486952,0.3181818181818182,0.0,0.06,0.5008627588880962,0,1
0.0912408759124087,0.173076923076923,0.0,0.2066324568439784,0.0308981049162317,0.2045454545454545,0.0,0.1,0.5849089216786949,0,1
0.0206027784318342,0.0384615384615384,0.0625,0.0953772786708712,0.0137324910738807,0.0454545454545454,0.0,0.04,0.38422747521777667,1,0
0.8564869319519656,0.2307692307692307,0.0,0.5525948553407963,0.7037901675363895,0.9772727272727272,0.75,0.19,0.5023895180621549,0,1
0.073581351542265,0.0,0.0,0.3279967475029384,0.0411974732216423,0.1136363636363636,0.0,0.0,0.49071034572094474,0,0
0.0382623028019778,0.0192307692307692,0.0,0.0912017756875842,0.0205987366108211,0.0454545454545454,0.0,0.0199999999999999,0.38422747521777667,0,0
0.1883682599481986,0.1538461538461538,0.1875,0.1014757106596193,0.1132930513595163,0.2045454545454545,0.0,0.16,0.5030045144336934,1,1
0.0323757946785966,0.0192307692307692,0.0,0.1446042612106756,0.0240318593792913,0.0454545454545454,0.0,0.0199999999999999,0.3824325800687229,0,0
0.029432540616906,0.0192307692307692,0.0,0.0760381069588051,0.0068662455369403,0.0454545454545454,0.0,0.0199999999999999,0.38422747521777667,0,0
0.0529785731104308,0.0384615384615384,0.0,0.1319678706033598,0.0240318593792913,0.0909090909090909,0.0,0.04,0.47563056583692775,0,0
0.044148810925359,0.0384615384615384,0.0,0.1421868647466674,0.0240318593792913,0.0227272727272727,0.0,0.04,0.3029578078150119,0,0
0.0264892865552154,0.0384615384615384,0.0,0.0866966277319324,0.0137324910738807,0.0227272727272727,0.0,0.04,0.3141491098339709,0,0
0.0117730162467624,0.0,0.0,0.2156976935840094,0.0137324910738807,0.0,0.0,0.0,0.3048084650377864,0,0
0.0824111137273369,0.0192307692307692,0.0,0.3169536409287188,0.0617962098324634,0.0909090909090909,0.0,0.0199999999999999,0.5017106472024703,0,1
0.0176595243701436,0.0192307692307692,0.0,0.0656542903293151,0.0102993683054105,0.0227272727272727,0.0,0.0199999999999999,0.3309380196797676,0,0
0.3502472333411818,0.4423076923076923,0.40625,0.2659685518696356,0.3570447679209,0.1136363636363636,0.0,0.46,0.6449185513612342,0,1
0.0176595243701436,0.0,0.0,0.0520289648049049,0.0034331227684701,0.0681818181818181,0.0,0.0,0.6248358584048203,1,1
0.2236873086884858,0.0,0.0,0.5916577845660207,0.161356770118099,0.3636363636363636,0.0,0.0,0.5018856876072928,0,1
0.0382623028019778,0.0384615384615384,0.0625,0.131638225630995,0.0205987366108211,0.0909090909090909,0.0,0.04,0.4577716930280056,1,0
0.0029432540616906,0.0,0.0,0.0497214499983516,0.0034331227684701,0.0,0.0,0.0,0.33269677572622536,0,0
0.1059571462208617,0.0769230769230769,0.0,0.1620205039172806,0.072095578137874,0.25,0.0,0.08,0.5044902719956862,0,1
0.2560631033670825,0.2307692307692307,0.21875,0.1401540540837514,0.1682230156550394,0.2272727272727273,0.75,0.24,0.5041099150538737,0,1
0.0706380974805744,0.0192307692307692,0.0,0.0986187875657913,0.0343312276847019,0.0681818181818181,0.125,0.0199999999999999,0.4590282560634212,0,0
0.0676948434188838,0.0384615384615384,0.0,0.1540540837517988,0.0343312276847019,0.0227272727272727,0.0,0.03,0.31622878116223346,0,0
0.1118436543442429,0.0576923076923076,0.0,0.0,0.0,0.0,0.0,0.06,0.5018416452232265,0,1
0.24429008712032,0.0576923076923076,0.0625,0.0,0.0,0.0,0.0,0.06,0.5000570871460556,1,1
0.0676948434188838,0.0192307692307692,0.0,0.2091597349654416,0.0205987366108211,0.0681818181818181,0.0,0.0199999999999999,0.45878157397245917,1,0
0.2266305627501764,0.3846153846153846,0.1875,0.3679936708165295,0.1853886294973904,0.3181818181818182,0.125,0.4,0.5539445430347735,0,1
1.0,0.826923076923077,0.5,0.0,0.0,0.0,0.0,0.86,0.5414734614303316,0,1
0.014716270308453,0.3076923076923077,0.375,0.0,0.0,0.0,0.0,0.32,0.33269677572622536,0,0
0.029432540616906,0.0384615384615384,0.0,0.1379014801059255,0.0308981049162317,0.0227272727272727,0.0,0.04,0.3087068338868441,0,0
0.0529785731104308,0.0192307692307692,0.0,0.2827804454602385,0.0446305959901125,0.0909090909090909,0.0,0.0199999999999999,0.490377180172977,0,0
0.0971273840357899,0.0576923076923076,0.0,0.1719647939169509,0.0652293326009336,0.1136363636363636,0.375,0.06,0.5004591323566389,0,1
0.0323757946785966,0.0,0.0,0.7745008625710088,0.0823949464432846,0.0,0.0,0.0,0.0,0,0
0.1059571462208617,0.0961538461538461,0.0,0.1658663619282028,0.0274649821477615,0.1590909090909091,0.0,0.06,0.501392525194695,0,1
0.0676948434188838,0.0192307692307692,0.0,0.0658740536442249,0.0102993683054105,0.3636363636363636,0.125,0.0199999999999999,0.7544137014262939,0,1
0.2737226277372261,0.2307692307692307,0.125,0.0789499708813605,0.1167261741279865,0.0227272727272727,1.0,0.24,0.4999999999999998,0,0
0.0176595243701436,0.0,0.0,0.0649950003845856,0.0034331227684701,0.0681818181818181,0.0,0.0,0.6248358584048203,1,1
0.2472333411820106,0.173076923076923,0.21875,0.4018921621413726,0.1750892611919798,0.3181818181818182,0.125,0.1699999999999999,0.538898793539006,0,1
0.1471627030845301,0.173076923076923,0.0,0.2654191435823611,0.2918154353199663,0.2272727272727273,0.125,0.1699999999999999,0.5009506224557977,0,1
0.0676948434188838,0.1346153846153846,0.21875,0.0913665981737665,0.0755287009063442,0.0454545454545454,0.0,0.1399999999999999,0.4992579289511514,0,0
0.1559924652696019,0.173076923076923,0.0,0.2560792026986928,0.1098599285910461,0.0681818181818181,0.875,0.18,0.5024391736619217,0,1
0.3620202495879442,0.4230769230769231,0.625,0.312558374630522,0.2368854710244432,0.1818181818181818,0.0,0.44,0.5648282168348048,1,1
0.1059571462208617,0.0769230769230769,0.0625,0.1700968057402173,0.0823949464432846,0.1136363636363636,0.0,0.08,0.5012242731176526,1,1
0.3119849305392039,0.0576923076923076,0.0,0.6639599151713586,0.5424333974182904,0.4318181818181818,0.0,0.06,0.5019882204308345,1,1
0.1265599246526959,0.1538461538461538,0.15625,0.1505928115419688,0.072095578137874,0.1136363636363636,0.0,0.16,0.5001814793472892,1,1
0.073581351542265,0.0961538461538461,0.0,0.061588669003483,0.0377643504531721,0.0454545454545454,0.125,0.1,0.4980239130877995,0,0
0.0117730162467624,0.0,0.0,0.2091597349654416,0.0102993683054105,0.0,0.0,0.0,0.3048084650377864,0,0
0.0235460324935248,0.0961538461538461,0.15625,0.0558198819870997,0.0171656138423509,0.0227272727272727,0.0,0.1,0.3309380196797676,0,0
0.7387567694843414,0.6923076923076923,0.25,0.4233740261738096,0.4360065915957145,0.9772727272727272,0.0,0.59,0.5549479448948614,0,1
0.0941841299740993,0.0384615384615384,0.0,0.1994901491094086,0.0858280692117548,0.1136363636363636,0.0,0.04,0.5008142996131624,0,1
0.058865081233812,0.0576923076923076,0.0625,0.3025591438021242,0.0686624553694038,0.0227272727272727,0.0,0.06,0.5015470614700454,0,1
0.0235460324935248,0.0,0.0,0.119825947454591,0.0171656138423509,0.0681818181818181,0.0,0.0,0.5105882854275524,0,1
0.058865081233812,0.0384615384615384,0.0,0.148340237564143,0.0274649821477615,0.0909090909090909,0.0,0.04,0.49198654426619065,1,0
0.0235460324935248,0.0,0.0,0.2134451196061835,0.0102993683054105,0.0454545454545454,0.0,0.0,0.3824325800687229,0,0
0.0029432540616906,0.0,0.0,0.0,0.0,0.0,0.0,0.0,0.33269677572622536,0,0
0.0559218271721214,0.0384615384615384,0.0,0.0,0.0,0.0,0.0,0.04,0.3287536156045138,0,0
0.0206027784318342,0.0576923076923076,0.0625,0.0636764204951265,0.0137324910738807,0.0454545454545454,0.0,0.06,0.38422747521777667,0,0
0.1530492112079113,0.0576923076923076,0.0,0.0,0.0,0.0,0.0,0.06,0.5014521106656631,0,1
0.0853543677890275,0.0384615384615384,0.0,0.275912841869306,0.0652293326009336,0.1363636363636363,0.25,0.04,0.5014574205637049,0,1
0.0323757946785966,0.0576923076923076,0.09375,0.0982342017646991,0.0205987366108211,0.0,0.125,0.06,0.30834408571230276,1,0
0.0853543677890275,0.0769230769230769,0.0,0.2564088476710575,0.0514968415270528,0.1136363636363636,0.0,0.08,0.5006298147758611,0,1
0.0088297621850718,0.0192307692307692,0.0,0.0482929884514376,0.0068662455369403,0.0227272727272727,0.0,0.0199999999999999,0.3309380196797676,0,0
0.0706380974805744,0.0576923076923076,0.0,0.214104409550913,0.0411974732216423,0.0909090909090909,0.0,0.06,0.49966285812863953,0,0
0.5621615257829052,0.1923076923076923,0.0,0.5346841451756442,0.5081021697335885,0.8181818181818182,0.25,0.1999999999999999,0.5022371941751513,0,1
0.1412761949611489,0.0384615384615384,0.0,0.4829298845143767,0.0823949464432846,0.3181818181818182,0.5,0.04,0.5009264009270459,1,1
0.1530492112079113,0.1923076923076923,0.25,0.1141121012669351,0.072095578137874,0.0909090909090909,0.0,0.1999999999999999,0.5000000000000003,0,1
0.0117730162467624,0.0384615384615384,0.0625,0.0558198819870997,0.0068662455369403,0.0227272727272727,0.0,0.04,0.3309380196797676,0,0
0.044148810925359,0.0384615384615384,0.0,0.1411979298295731,0.0274649821477615,0.1136363636363636,0.0,0.04,0.4640806553731172,0,0
0.044148810925359,0.0384615384615384,0.0,0.114331864581845,0.0171656138423509,0.0909090909090909,0.0,0.04,0.4948041905556838,1,0
0.073581351542265,0.0192307692307692,0.0,0.2347621611524381,0.054929964295523,0.0681818181818181,0.0,0.0199999999999999,0.49081333021706064,0,0
0.0088297621850718,0.0384615384615384,0.0625,0.076257870273715,0.0068662455369403,0.0227272727272727,0.0,0.04,0.32872600858107653,0,0
0.0559218271721214,0.0192307692307692,0.0,0.0732910655224321,0.0205987366108211,0.0681818181818181,0.0,0.0199999999999999,0.621855738608837,0,1
0.4032258064516126,0.75,0.46875,0.3032184337468537,0.2883823125514961,0.2954545454545454,0.0,0.78,0.5549479448948614,0,1
0.0029432540616906,0.0,0.0,0.1520762139176103,0.0068662455369403,0.0,0.0,0.0,0.3048084650377864,0,0
0.0971273840357899,0.173076923076923,0.28125,0.1448240245255855,0.0755287009063442,0.1136363636363636,0.0,0.18,0.5016587906480288,0,1
0.1295031787143865,0.173076923076923,0.28125,0.2519586405441332,0.089261191980225,0.1363636363636363,0.625,0.18,0.526135516405693,0,1
0.0794678596656462,0.0769230769230769,0.0,0.1771292318173322,0.0480637187585827,0.1363636363636363,0.0,0.08,0.5006730139722713,0,1
0.3590769955262536,0.3076923076923077,0.0,0.3789268957332941,0.4016753639110125,0.1363636363636363,0.0,0.27,0.5041042019170859,0,1
0.1206734165293147,0.0961538461538461,0.0625,0.1976221609326749,0.089261191980225,0.1363636363636363,0.0,0.1,0.5051242017956962,0,1
0.1471627030845301,0.0576923076923076,0.0,0.3220631380003727,0.1167261741279865,0.1590909090909091,0.0,0.06,0.5006944110194455,0,1
0.2384035789969388,0.3269230769230769,0.40625,0.267561835902732,0.161356770118099,0.2045454545454545,0.0,0.34,0.5533069170466458,1,1
0.014716270308453,0.0,0.0,0.1422967464041223,0.0102993683054105,0.0227272727272727,0.0,0.0,0.3036675863565895,0,0
0.0676948434188838,0.0384615384615384,0.0625,0.1715252672871312,0.0377643504531721,0.0909090909090909,0.5,0.04,0.49936169621807375,1,0
0.0206027784318342,0.0,0.0,0.0738404738097067,0.0137324910738807,0.0681818181818181,0.0,0.0,0.6248358584048203,1,1
0.0765246056039556,0.0961538461538461,0.0,0.1652070719834733,0.0446305959901125,0.1363636363636363,0.0,0.1,0.49983605219871785,0,0
0.1059571462208617,0.1923076923076923,0.0,0.1141121012669351,0.0926943147486952,0.1363636363636363,0.0,0.1999999999999999,0.5781024968337587,0,1
0.0706380974805744,0.0,0.0,0.0,0.0,0.0,0.0,0.0,0.33559151394176157,0,0
0.0412055568636684,0.0384615384615384,0.0,0.1607019240278215,0.0205987366108211,0.0227272727272727,0.0,0.04,0.30298123559660917,0,0
0.3796797739580878,0.673076923076923,0.75,0.0,0.0,0.0,0.0,0.7,0.5414734614303316,1,1
0.058865081233812,0.0192307692307692,0.0,0.1217488764600521,0.0240318593792913,0.0681818181818181,0.0,0.0199999999999999,0.4581880246043994,0,0
0.0500353190487402,0.0576923076923076,0.0,0.1397145274539317,0.0377643504531721,0.0454545454545454,0.0,0.06,0.4977424005207252,0,0
0.0058865081233812,0.0192307692307692,0.0,0.0732361246937046,0.0102993683054105,0.0,0.0,0.0199999999999999,0.3291692289928369,1,0
0.1736519896397456,0.3076923076923077,0.0625,0.1908644389991973,0.2574842076352645,0.1590909090909091,0.0,0.32,0.5094306078937136,0,1
0.0559218271721214,0.0576923076923076,0.0625,0.10037689408507,0.0137324910738807,0.0454545454545454,0.0,0.06,0.4303043585269268,0,0
0.0500353190487402,0.0384615384615384,0.0,0.2105881965123555,0.0411974732216423,0.0227272727272727,0.0,0.04,0.49996588434513783,0,0
0.170708735578055,0.0384615384615384,0.0,0.1750964211544162,0.0583630870639932,0.1818181818181818,0.375,0.04,0.5024478216641786,0,1
0.185425005886508,0.2307692307692307,0.21875,0.0,0.0,0.0,0.0,0.24,0.5353019297381831,0,1
0.029432540616906,0.0384615384615384,0.0,0.1319129297746323,0.0205987366108211,0.0454545454545454,0.0,0.04,0.3824491550349448,1,0
0.0618083352955026,0.0384615384615384,0.0625,0.1092223675101912,0.0377643504531721,0.1363636363636363,0.0,0.04,0.4988061102424779,0,0
0.073581351542265,0.0769230769230769,0.0,0.1208698232004128,0.0480637187585827,0.0909090909090909,0.25,0.08,0.49979834913778587,0,0
0.0824111137273369,0.173076923076923,0.28125,0.0,0.0,0.0,0.0,0.18,0.546552218427765,1,1
0.0029432540616906,0.0,0.0,0.061698550660938,0.0034331227684701,0.0227272727272727,0.0,0.0,0.3309380196797676,0,0
0.0470920649870496,0.0384615384615384,0.0625,0.0952673970134162,0.0205987366108211,0.0454545454545454,0.0,0.04,0.3872878134708752,0,0
0.0706380974805744,0.0384615384615384,0.0,0.2014680189435971,0.0377643504531721,0.0909090909090909,0.0,0.04,0.4995565279714232,1,0
0.0176595243701436,0.0,0.0,0.1119694089465642,0.0102993683054105,0.0454545454545454,0.0,0.0,0.38393298461105607,0,0
0.4915234283023307,0.3269230769230769,0.0,0.5933060094278445,0.4257072232903038,0.5227272727272727,0.0,0.34,0.5023895180621549,1,1
0.0412055568636684,0.0576923076923076,0.0625,0.0690606217104176,0.0137324910738807,0.0681818181818181,0.125,0.06,0.6321973562733715,1,1
0.0382623028019778,0.0961538461538461,0.15625,0.1933917171206605,0.0514968415270528,0.0454545454545454,0.375,0.1,0.49050948538092315,0,0
0.0941841299740993,0.0961538461538461,0.0,0.1253749711560645,0.0274649821477615,0.0454545454545454,0.0,0.09,0.500981224008386,0,1
1.0,1.0000000000000002,0.0,0.6163262166646505,1.0,0.1818181818181818,0.0,1.0,0.5026658488921939,1,1
0.0529785731104308,0.0,0.0,0.0,0.0,0.0,0.0,0.0,0.3281518527231453,0,0
0.073581351542265,0.0769230769230769,0.0,0.1016405331458016,0.0377643504531721,0.0227272727272727,0.125,0.08,0.40566301442406916,0,0
0.0088297621850718,0.0192307692307692,0.0,0.061698550660938,0.0034331227684701,0.0,0.0,0.0199999999999999,0.33269677572622536,0,0
0.214857546503414,0.25,0.0,0.1340006812662758,0.1991211205712711,0.1818181818181818,0.0,0.26,0.5494477491393208,0,1
0.1648222274546738,0.1153846153846154,0.15625,0.2288834924785998,0.1029936830541057,0.25,0.0,0.12,0.5195829701205485,0,1
0.0323757946785966,0.0192307692307692,0.0,0.1492742316525098,0.0171656138423509,0.0681818181818181,0.0,0.0199999999999999,0.46330770887172235,0,0
0.1501059571462207,0.1538461538461538,0.0,0.2110826639709027,0.0755287009063442,0.2954545454545454,0.0,0.13,0.5006825303161093,1,1
0.0853543677890275,0.0961538461538461,0.0,0.1352093794982799,0.0377643504531721,0.0454545454545454,0.0,0.1,0.5009430366753237,0,1
0.3973392983282314,0.0769230769230769,0.0,0.850648851187269,0.6728920626201578,0.8636363636363636,0.0,0.08,0.5019541536901871,1,1
0.0647515893571932,0.2884615384615385,0.34375,0.0,0.0,0.0,0.0,0.3,0.3321487005299886,0,0
0.0176595243701436,0.0,0.0,0.1025745272341685,0.0137324910738807,0.0454545454545454,0.0,0.0,0.38422747521777667,1,0
0.2854956439839885,0.0961538461538461,0.0,0.4551847660070091,0.2094204888766817,0.3181818181818182,0.25,0.1,0.5018837379001079,0,1
0.029432540616906,0.0576923076923076,0.0625,0.0861472194446578,0.0205987366108211,0.0454545454545454,0.0,0.06,0.38422747521777667,0,0
0.2707793736755355,0.2115384615384615,0.21875,0.2995373982221139,0.1922548750343308,0.0909090909090909,0.0,0.22,0.6920703713234378,0,1
0.0676948434188838,0.0384615384615384,0.0625,0.1113101190018347,0.0411974732216423,0.1363636363636363,0.0,0.04,0.49931884153694356,0,0
0.0470920649870496,0.0192307692307692,0.0,0.1307042315426282,0.0171656138423509,0.1590909090909091,0.0,0.0199999999999999,0.45888962017386087,0,0
0.0029432540616906,0.0,0.0,0.0741701187820715,0.0034331227684701,0.0227272727272727,0.0,0.0,0.3309380196797676,0,0
0.0618083352955026,0.1346153846153846,0.15625,0.2531123979474099,0.0686624553694038,0.0454545454545454,0.0,0.1399999999999999,0.49870118538243907,0,0
0.0382623028019778,0.0576923076923076,0.09375,0.0784555034228134,0.0274649821477615,0.0227272727272727,0.0,0.06,0.3280738954482915,0,0
0.0088297621850718,0.0192307692307692,0.0,0.0267561835902732,0.0068662455369403,0.0,0.0,0.0199999999999999,0.33269677572622536,0,0
0.073581351542265,0.0,0.0,0.1660861252431127,0.0514968415270528,0.2272727272727273,0.0,0.0,0.6636048301904741,0,1
0.3679067577113254,0.5576923076923077,0.53125,0.3057457118683169,0.2952485580884366,0.3181818181818182,0.125,0.57,0.5549479448948614,1,1
0.2531198493053919,0.1153846153846154,0.125,0.2181700308767451,0.1682230156550394,0.3636363636363636,1.0,0.12,0.5188598683551586,1,1
0.3208146927242757,0.6153846153846154,1.0,0.2381135517048132,0.2197198571820923,0.4545454545454546,0.5,0.58,0.544088577407546,0,1
0.0500353190487402,0.0576923076923076,0.0,0.1410880481721182,0.0274649821477615,0.0681818181818181,0.0,0.06,0.46958777133452156,0,0
0.0382623028019778,0.0,0.0,0.1901502082257403,0.0377643504531721,0.0909090909090909,0.125,0.0,0.4902971728525036,0,0
0.0353190487402872,0.0192307692307692,0.0,0.2597602382234326,0.0480637187585827,0.0454545454545454,0.0,0.0199999999999999,0.4904266774293237,0,0
0.0529785731104308,0.0576923076923076,0.0625,0.1084531959080067,0.0308981049162317,0.0454545454545454,0.0,0.06,0.421890527460089,0,0
0.0353190487402872,0.0192307692307692,0.0,0.1446042612106756,0.0240318593792913,0.0454545454545454,0.0,0.0199999999999999,0.3824325800687229,0,0
0.1589357193312925,0.2115384615384615,0.28125,0.0,0.0,0.0,0.0,0.22,0.5315866242477785,1,1
0.0529785731104308,0.0192307692307692,0.0,0.0,0.0,0.0,0.0,0.0199999999999999,0.3281518527231453,0,0
0.0559218271721214,0.1538461538461538,0.25,0.0748843495555284,0.0480637187585827,0.0681818181818181,0.0,0.16,0.49287597815362383,0,0
0.0235460324935248,0.0384615384615384,0.0625,0.0736756513235243,0.0137324910738807,0.0681818181818181,0.0,0.04,0.6859481795683972,0,1
0.0382623028019778,0.0384615384615384,0.0,0.058127396793653,0.0137324910738807,0.0454545454545454,0.0,0.04,0.38422747521777667,0,0
0.1236166705910053,0.0769230769230769,0.0,0.2771764809300375,0.1029936830541057,0.0909090909090909,0.0,0.08,0.5004345356764612,0,1
0.1059571462208617,0.1153846153846154,0.0,0.1546584328678009,0.0617962098324634,0.1136363636363636,0.25,0.12,0.5003821300022586,1,1
0.0412055568636684,0.0192307692307692,0.0,0.1149911545265745,0.0274649821477615,0.0681818181818181,0.0,0.0199999999999999,0.5020355846255796,0,1
0.4091123145749938,1.0000000000000002,1.0,0.6378080806970874,0.5287009063444097,0.1136363636363636,0.25,1.0,0.65090870575565,0,1
0.1795384977631268,0.1346153846153846,0.0,0.2347072203237107,0.1064268058225759,0.1363636363636363,0.25,0.1399999999999999,0.5013738742781777,0,1
0.1236166705910053,0.173076923076923,0.15625,0.0705989649147865,0.072095578137874,0.2272727272727273,0.125,0.18,0.5679602031003276,0,1
0.0676948434188838,0.0769230769230769,0.0,0.1761952377289654,0.0583630870639932,0.1136363636363636,0.125,0.08,0.49947113410849264,0,0
0.2119142924417234,0.9423076923076924,1.0,0.5321019262254536,0.2918154353199663,0.1363636363636363,0.0,0.98,0.5957244517709314,0,1
0.3914527902048502,0.0192307692307692,0.0,1.0,0.4806371875858269,0.5454545454545454,0.0,0.0199999999999999,0.5019912629857829,0,1
0.0088297621850718,0.0,0.0,0.1260342611007941,0.0068662455369403,0.0454545454545454,0.0,0.0,0.3827499491333227,0,0
0.0706380974805744,0.0769230769230769,0.125,0.1560319535859874,0.0480637187585827,0.1818181818181818,0.0,0.08,0.4997718302261902,0,0
0.0058865081233812,0.0192307692307692,0.0,0.0738954146384341,0.0068662455369403,0.0,0.0,0.0199999999999999,0.3283363373804498,0,0
0.214857546503414,0.0,0.0,1.0,0.2609173304037346,0.1818181818181818,0.0,0.0,0.5017874977158887,1,1
0.014716270308453,0.0576923076923076,0.0,0.1076290834770948,0.0240318593792913,0.0227272727272727,0.0,0.06,0.3056186757857681,0,0
0.044148810925359,0.0384615384615384,0.0625,0.0763128111024424,0.0274649821477615,0.0681818181818181,0.0,0.04,0.5831368648447157,0,1
0.0941841299740993,0.0576923076923076,0.0,0.1733383146351374,0.0411974732216423,0.0909090909090909,0.0,0.06,0.5001774751820854,1,1
0.0,0.0,0.0,0.0494467458547143,0.0034331227684701,0.0,0.0,0.0,0.33269677572622536,0,0
0.1913115140098892,0.1346153846153846,0.0,0.2959113035261015,0.0995605602856355,0.25,0.125,0.08,0.501024752333257,0,1
0.4032258064516126,0.3076923076923077,0.0,0.3095915698792392,0.3570447679209,0.5,0.0,0.2299999999999999,0.5023895180621549,0,1
0.0206027784318342,0.0,0.0,0.0683463909369607,0.0068662455369403,0.0681818181818181,0.125,0.0,0.6248358584048203,1,1
0.1236166705910053,0.1346153846153846,0.0625,0.159328403309635,0.0652293326009336,0.1136363636363636,0.625,0.1399999999999999,0.500799927608302,1,1
0.2354603249352482,0.2884615384615385,0.25,0.2441021020361064,0.1716561384235096,0.1136363636363636,0.0,0.3,0.6229887639157249,0,1
0.0382623028019778,0.0,0.0,0.4272748250134592,0.0240318593792913,0.0227272727272727,0.0,0.0,0.3026140315678856,0,0
0.0088297621850718,0.0,0.0,0.2004790840265028,0.0171656138423509,0.0,0.0,0.0,0.3048084650377864,0,0
0.1648222274546738,0.1346153846153846,0.125,0.162185326403463,0.1373249107388077,0.2272727272727273,0.75,0.1399999999999999,0.518896277717495,0,1
0.2413468330586294,0.1538461538461538,0.0625,0.257068137615787,0.1167261741279865,0.1363636363636363,0.25,0.15,0.5068162078546233,1,1
0.0500353190487402,0.0192307692307692,0.0,0.0785653850802683,0.0411974732216423,0.0681818181818181,0.0,0.0199999999999999,0.4903451648370205,0,0
0.0706380974805744,0.0192307692307692,0.0,0.1548232553539833,0.0514968415270528,0.1363636363636363,0.0,0.0199999999999999,0.4906590790977214,0,0
0.1000706380974805,0.0769230769230769,0.0,0.1006515982287074,0.0411974732216423,0.0909090909090909,0.0,0.08,0.5001090527302233,0,1
0.0412055568636684,0.0961538461538461,0.0625,0.1007614798861623,0.0205987366108211,0.0454545454545454,0.0,0.1,0.38422747521777667,0,0
0.1648222274546738,0.0384615384615384,0.0,0.1828980188337155,0.1064268058225759,0.2727272727272727,0.0,0.04,0.5017859234077399,1,1
0.0765246056039556,0.2307692307692307,0.34375,0.158724054193633,0.0755287009063442,0.0227272727272727,0.125,0.24,0.5389142031172266,0,1
0.1530492112079113,0.1346153846153846,0.1875,0.1974023976177651,0.072095578137874,0.2045454545454545,0.0,0.13,0.5153539613625447,1,1
0.1442194490228395,0.0769230769230769,0.0,0.2438823387211965,0.089261191980225,0.2045454545454545,0.0,0.08,0.5007488218187558,0,1
0.0824111137273369,0.0576923076923076,0.0,0.1398793499401141,0.0446305959901125,0.1136363636363636,0.0,0.06,0.500547199391099,0,1
0.414998822698375,0.173076923076923,0.09375,0.3124484929730671,0.267783575940675,0.3863636363636363,0.0,0.18,0.5205308558306798,1,1
0.185425005886508,0.0384615384615384,0.0,0.1124638764051113,0.1544905245811586,0.2954545454545454,0.125,0.04,0.5667378000301766,0,1
0.1118436543442429,0.2692307692307693,0.3125,0.0,0.0,0.0,0.0,0.2799999999999999,0.5304942168516166,0,1
0.0206027784318342,0.0576923076923076,0.0625,0.0,0.0,0.0,0.0,0.06,0.33269677572622536,0,0
0.1118436543442429,0.0961538461538461,0.0,0.0,0.0,0.0,0.0,0.1,0.5021265060847523,1,1
0.0117730162467624,0.0192307692307692,0.0,0.0659289944729524,0.0034331227684701,0.0,0.0,0.0199999999999999,0.33269677572622536,0,0
0.2943254061690603,0.2307692307692307,0.125,0.1630643796631023,0.1991211205712711,0.2045454545454545,0.75,0.24,0.5063552287692844,1,1
0.1177301624676241,0.0576923076923076,0.0,0.2055336402694292,0.072095578137874,0.1363636363636363,0.0,0.06,0.5005393667920645,0,1
0.0853543677890275,0.0961538461538461,0.0,0.2493214807652151,0.0583630870639932,0.0227272727272727,0.0,0.08,0.5308729280377202,1,1
0.0941841299740993,0.0192307692307692,0.0,0.2063028118716136,0.0617962098324634,0.1363636363636363,0.0,0.0199999999999999,0.5035197342301266,1,1
0.029432540616906,0.0384615384615384,0.0,0.0771369235333543,0.0240318593792913,0.0227272727272727,0.0,0.04,0.32827574884846883,0,0
0.0,0.0192307692307692,0.0,0.0813124265166413,0.0068662455369403,0.0,0.0,0.0199999999999999,0.3185261034269185,0,0
0.0117730162467624,0.0192307692307692,0.0,0.1186721900513144,0.0137324910738807,0.0227272727272727,0.0,0.0199999999999999,0.3049890678097885,0,0
0.0,0.0,0.0,0.0626874855780322,0.0034331227684701,0.0,0.0,0.0,0.33269677572622536,0,0
0.2648928655521543,0.173076923076923,0.125,0.409583878163217,0.2334523482559731,0.1818181818181818,1.0,0.18,0.5451752268828858,1,1
0.0559218271721214,0.0576923076923076,0.0,0.1044425154109021,0.0343312276847019,0.0454545454545454,0.125,0.06,0.48634500255327756,1,0
0.073581351542265,0.0384615384615384,0.0,0.2122364213741794,0.054929964295523,0.1363636363636363,0.0,0.04,0.49969975605772904,1,0
0.073581351542265,0.0769230769230769,0.0,0.2319601788873376,0.0652293326009336,0.0681818181818181,0.0,0.08,0.49979834913778587,0,0
0.044148810925359,0.0384615384615384,0.0,0.088674497566121,0.0137324910738807,0.0227272727272727,0.0,0.04,0.3239766817137786,0,0
0.1236166705910053,0.0961538461538461,0.0,0.2381684925335407,0.1064268058225759,0.0909090909090909,0.0,0.1,0.5004770879990762,0,1
0.2325170708735576,0.4038461538461539,0.25,0.2604744689968896,0.1476242790442183,0.1590909090909091,0.0,0.33,0.5722583056512798,1,1
0.0,0.0,0.0,0.0977397343061519,0.0068662455369403,0.0,0.0,0.0,0.3090156364743211,0,0
0.1206734165293147,0.1923076923076923,0.0,0.1470765985034114,0.1098599285910461,0.1818181818181818,0.25,0.1999999999999999,0.5946995408240524,0,1
0.2060277843183422,0.1153846153846154,0.0625,0.4619974287692142,0.1922548750343308,0.3636363636363636,0.0,0.12,0.5045810919684942,0,1
0.0058865081233812,0.0,0.0,0.1933917171206605,0.0102993683054105,0.0,0.0,0.0,0.3048084650377864,0,0
0.0559218271721214,0.5192307692307693,0.84375,0.3304141439669467,0.1201592968964567,0.0,0.0,0.54,0.6153700019595356,0,1
0.058865081233812,0.0769230769230769,0.125,0.1552078411550755,0.0411974732216423,0.0681818181818181,0.0,0.08,0.49855666599595827,0,0
0.0088297621850718,0.0192307692307692,0.0,0.05884162756711,0.0102993683054105,0.0227272727272727,0.0,0.0199999999999999,0.3309380196797676,0,0
0.0794678596656462,0.0769230769230769,0.0,0.160042634083092,0.0308981049162317,0.0454545454545454,0.0,0.08,0.4980017569754427,1,0
0.1913115140098892,0.0192307692307692,0.0,1.0,0.4531722054380654,0.0681818181818181,0.0,0.0199999999999999,0.5048341944410655,1,1
0.0235460324935248,0.0384615384615384,0.0,0.1037282846374451,0.0171656138423509,0.0227272727272727,0.0,0.04,0.3069838226769157,0,0
0.0853543677890275,0.173076923076923,0.0,0.1963585218719433,0.0961274375171654,0.0227272727272727,0.0,0.18,0.5685112105875247,0,1
0.0176595243701436,0.0192307692307692,0.0,0.134495148724823,0.0205987366108211,0.0227272727272727,0.0,0.0199999999999999,0.30384960902224206,0,0
0.7034377207440542,0.4230769230769231,0.28125,1.0,0.731255149684151,0.6363636363636364,0.0,0.44,0.5549479448948614,1,1
0.044148810925359,0.0,0.0,0.0,0.0,0.0,0.0,0.0,0.3281817676790425,0,0
0.0618083352955026,0.0769230769230769,0.0,0.1458129594426798,0.0514968415270528,0.0681818181818181,0.0,0.08,0.4989441976377336,0,0
0.0382623028019778,0.0192307692307692,0.0,0.0952124561846888,0.0274649821477615,0.0454545454545454,0.0,0.0199999999999999,0.38422747521777667,0,0
0.414998822698375,0.7884615384615384,1.0,0.0,0.0,0.0,0.0,0.8200000000000001,0.5414734614303316,0,1
0.1530492112079113,0.0961538461538461,0.0,0.274484380322392,0.0961274375171654,0.0909090909090909,0.0,0.1,0.5003350259084742,0,1
0.0529785731104308,0.0384615384615384,0.0,0.0777412726493564,0.0377643504531721,0.0681818181818181,0.0,0.04,0.4974149896175394,0,0
0.0176595243701436,0.0192307692307692,0.0,0.0643906512685835,0.0137324910738807,0.0227272727272727,0.0,0.0199999999999999,0.3309380196797676,0,0
0.0412055568636684,0.0192307692307692,0.0,0.0912017756875842,0.0205987366108211,0.0227272727272727,0.0,0.0199999999999999,0.3145697219528585,0,0
0.1324464327760771,0.1538461538461538,0.125,0.2463546760139323,0.0995605602856355,0.1363636363636363,0.0,0.16,0.5142909861920861,1,1
0.1295031787143865,0.3076923076923077,0.4375,0.1391101783379296,0.0823949464432846,0.0681818181818181,0.0,0.32,0.5268456003030102,0,1
0.3178714386625851,0.2115384615384615,0.25,0.2351467469535303,0.2437517165613836,0.2045454545454545,0.25,0.21,0.5431414682383325,1,1
0.0824111137273369,0.0576923076923076,0.0,0.151691628116518,0.0308981049162317,0.1363636363636363,0.0,0.06,0.5009963944610917,0,1
0.044148810925359,0.0192307692307692,0.0,0.0954871603283261,0.0171656138423509,0.0909090909090909,0.0,0.0199999999999999,0.5675024761271008,0,1
0.014716270308453,0.0192307692307692,0.0,0.0879053259639365,0.0102993683054105,0.0227272727272727,0.0,0.0199999999999999,0.31234551077839057,0,0
0.014716270308453,0.0,0.0,0.1429010955201244,0.0240318593792913,0.0,0.0,0.0,0.3026081824255718,0,0
0.0058865081233812,0.0192307692307692,0.0,0.0590613908820198,0.0034331227684701,0.0,0.0,0.0199999999999999,0.33269677572622536,0,0
0.2854956439839885,0.0961538461538461,0.0625,0.0,0.0,0.0,0.0,0.1,0.5020199739207676,1,1
0.0088297621850718,0.0192307692307692,0.0,0.0437878404957859,0.0068662455369403,0.0,0.0,0.0199999999999999,0.33269677572622536,0,0
0.0824111137273369,0.1153846153846154,0.0625,0.2526728713175902,0.0858280692117548,0.2045454545454545,0.0,0.12,0.5211704477581199,0,1
0.2766658817989167,0.1923076923076923,0.0,0.3013504455701201,0.2059873661082115,0.4772727272727273,0.0,0.1999999999999999,0.5022371941751513,0,1
0.2060277843183422,0.2884615384615385,0.0,0.5523750920258865,0.1270255424333971,0.0681818181818181,0.0,0.3,0.5706654877678357,1,1
0.0029432540616906,0.0,0.0,0.0787851483951781,0.0068662455369403,0.0,0.0,0.0,0.3219618177576063,0,0
0.0529785731104308,0.0576923076923076,0.0,0.1168591427033082,0.0377643504531721,0.0681818181818181,0.0,0.06,0.4974149896175394,0,0
0.200141276194961,0.1923076923076923,0.0,0.1722394980605882,0.1098599285910461,0.1363636363636363,0.125,0.15,0.5046585467375196,1,1
0.1736519896397456,0.1153846153846154,0.09375,0.1691628116518504,0.0926943147486952,0.2045454545454545,0.0,0.12,0.5212900315210445,1,1
0.0353190487402872,0.0192307692307692,0.0,0.2833298537475131,0.0240318593792913,0.0227272727272727,0.0,0.0199999999999999,0.30260893395410265,0,0
0.0088297621850718,0.0192307692307692,0.0,0.0584021009372903,0.0034331227684701,0.0,0.0,0.0199999999999999,0.33269677572622536,0,0
0.0264892865552154,0.0,0.0,0.1717450306020411,0.0102993683054105,0.0909090909090909,0.0,0.0,0.4644478156576925,0,0
0.0559218271721214,0.0384615384615384,0.0,0.2817365697144168,0.0514968415270528,0.0909090909090909,0.0,0.04,0.49805939947219935,1,0
0.0794678596656462,0.0576923076923076,0.09375,0.1647126045249262,0.0583630870639932,0.1136363636363636,0.125,0.06,0.5004295414513606,0,1
0.1324464327760771,0.1538461538461538,0.0,0.211961717230542,0.0583630870639932,0.1136363636363636,0.0,0.16,0.5000582881742592,0,1
0.058865081233812,0.173076923076923,0.21875,0.0951025745272338,0.0343312276847019,0.0454545454545454,0.0,0.18,0.44070068266015994,1,0
0.3355309630327288,0.5769230769230769,0.375,0.4452954168360662,0.3364460313100789,0.2045454545454545,0.875,0.6,0.5549479448948614,1,1
0.0559218271721214,0.0192307692307692,0.0,0.116364675244761,0.0240318593792913,0.0681818181818181,0.0,0.0199999999999999,0.45804182185169423,0,0
0.2060277843183422,0.173076923076923,0.0,0.1969628709879454,0.0789618236748144,0.2954545454545454,0.0,0.1,0.5025904715270524,1,1
0.0647515893571932,0.0,0.0,0.4672717483270504,0.089261191980225,0.0681818181818181,0.0,0.0,0.4984216881374523,1,0
0.6004238285848831,1.0000000000000002,1.0,0.392277517114067,0.4840703103542971,0.2272727272727273,0.25,1.0,0.5549479448948614,0,1
0.0500353190487402,0.0192307692307692,0.0,0.1807553265133446,0.0343312276847019,0.0227272727272727,0.0,0.0199999999999999,0.3151677625989046,0,0
0.2825523899222979,0.1923076923076923,0.0,0.3182172799894505,0.1888217522658606,0.3863636363636363,0.0,0.1999999999999999,0.5022371941751513,1,1
0.4591476336237341,0.0576923076923076,0.0,1.0,0.3879428728371317,0.7045454545454546,0.5,0.06,0.5019882204308345,1,1
0.029432540616906,0.0192307692307692,0.0,0.1187271308800418,0.0205987366108211,0.0454545454545454,0.0,0.0199999999999999,0.38328434051877575,0,0
0.0029432540616906,0.0192307692307692,0.0,0.076257870273715,0.0068662455369403,0.0,0.0,0.0199999999999999,0.32530057796643363,0,0
0.0206027784318342,0.0384615384615384,0.0,0.0,0.0,0.0,0.0,0.04,0.33269677572622536,0,0
0.0235460324935248,0.0192307692307692,0.0,0.1769644093311498,0.0274649821477615,0.0,0.0,0.0199999999999999,0.3043007279454266,0,0
0.0176595243701436,0.0192307692307692,0.0,0.0724669530915202,0.0137324910738807,0.0227272727272727,0.0,0.0199999999999999,0.3309380196797676,0,0
0.058865081233812,0.0192307692307692,0.0,0.216851450987286,0.0343312276847019,0.1590909090909091,0.0,0.0199999999999999,0.4679773808947206,0,0
0.0353190487402872,0.0,0.0,0.1091124858527363,0.0240318593792913,0.0681818181818181,0.0,0.0,0.5376331045369117,0,1
0.1295031787143865,0.2115384615384615,0.1875,0.160042634083092,0.1373249107388077,0.0909090909090909,0.125,0.22,0.514766226914438,0,1
0.0235460324935248,0.0192307692307692,0.0,0.0888942608810308,0.0068662455369403,0.0,0.0,0.0199999999999999,0.3107250073622734,0,0
0.0235460324935248,0.0192307692307692,0.0,0.0995527816541581,0.0068662455369403,0.0227272727272727,0.0,0.0199999999999999,0.3076934076869238,0,0
0.0500353190487402,0.0576923076923076,0.09375,0.0774116276769916,0.0240318593792913,0.0681818181818181,0.0,0.06,0.5277528665866005,0,1
0.8770897103837998,0.0384615384615384,0.0625,1.0,0.7758857456742635,0.9090909090909092,1.0,0.04,0.5010625350935713,1,1
0.0058865081233812,0.0,0.0,0.0946630478974142,0.0034331227684701,0.0,0.0,0.0,0.30957960860985995,1,0
0.2413468330586294,0.2307692307692307,0.09375,0.4090894107046698,0.1544905245811586,0.2954545454545454,0.125,0.24,0.5205308558306798,1,1
0.185425005886508,0.0769230769230769,0.0,0.2958563626973741,0.1991211205712711,0.1818181818181818,0.0,0.08,0.5012652079600791,1,1
0.0676948434188838,0.25,0.3125,0.0,0.0,0.0,0.0,0.26,0.33376082482280717,0,0
0.0559218271721214,0.0961538461538461,0.0625,0.0,0.0,0.0,0.0,0.1,0.3287536156045138,0,0
0.0676948434188838,0.0769230769230769,0.0625,0.1774039359609695,0.0446305959901125,0.0454545454545454,0.0,0.08,0.4993738747530749,1,0
0.058865081233812,0.0384615384615384,0.0625,0.1650971903260184,0.054929964295523,0.0454545454545454,0.0,0.04,0.49855666599595827,0,0
0.1648222274546738,0.0769230769230769,0.0625,0.2517938180579508,0.1201592968964567,0.2727272727272727,0.0,0.08,0.5032501731712479,0,1
0.0824111137273369,0.0961538461538461,0.125,0.1492192908237823,0.0514968415270528,0.1136363636363636,0.0,0.1,0.500547199391099,0,1
0.1030138921591711,0.0961538461538461,0.0,0.1036733438087177,0.0514968415270528,0.1136363636363636,0.0,0.1,0.5003789311694896,0,1
0.1059571462208617,0.3461538461538462,0.53125,0.2670124276154574,0.1167261741279865,0.0909090909090909,0.0,0.36,0.5023206728926568,0,1
0.0029432540616906,0.0,0.0,0.0977397343061519,0.0068662455369403,0.0,0.0,0.0,0.3090156364743211,0,0
0.0500353190487402,0.0192307692307692,0.0,0.2658586702121807,0.0308981049162317,0.1136363636363636,0.0,0.0199999999999999,0.5141321819353567,0,1
0.0706380974805744,0.1153846153846154,0.15625,0.1909743206566522,0.0686624553694038,0.1136363636363636,0.0,0.12,0.4995881451216054,0,0
0.0412055568636684,0.0769230769230769,0.0,0.0936741129803199,0.0343312276847019,0.0681818181818181,0.0,0.08,0.5122773812959975,0,1
0.2207440546267952,0.1153846153846154,0.125,0.0,0.0,0.0,0.0,0.12,0.5066277184624907,0,1
0.0559218271721214,0.0769230769230769,0.125,0.2077312734185276,0.054929964295523,0.0454545454545454,0.0,0.08,0.4982455962176896,0,0
0.1089004002825523,0.1346153846153846,0.15625,0.0,0.0,0.0,0.0,0.1399999999999999,0.5037547966140994,0,1
0.0765246056039556,0.0576923076923076,0.0,0.1333413913215463,0.0377643504531721,0.1590909090909091,0.0,0.06,0.4997554450488578,0,0
0.058865081233812,0.0576923076923076,0.0,0.1275726043051629,0.0240318593792913,0.0227272727272727,0.0,0.06,0.3096874459624258,0,0
0.2472333411820106,0.2692307692307693,0.15625,0.24250881800301,0.1853886294973904,0.2954545454545454,0.25,0.2799999999999999,0.5454854929213576,1,1
0.029432540616906,0.0576923076923076,0.09375,0.0946630478974142,0.0171656138423509,0.0,0.0,0.06,0.30957960860985995,0,0
0.0323757946785966,0.0576923076923076,0.0,0.1320777522608147,0.0343312276847019,0.0,0.0,0.06,0.3156584764364728,0,0
0.2531198493053919,0.25,0.0,0.1765798235300576,0.1510574018126884,0.2727272727272727,0.0,0.24,0.5064174314017261,0,1
0.0264892865552154,0.0,0.0,0.1555924269561677,0.0137324910738807,0.0454545454545454,0.0,0.0,0.3824325800687229,0,0
0.044148810925359,0.0192307692307692,0.0,0.1019701781181664,0.0102993683054105,0.0454545454545454,0.0,0.0199999999999999,0.38422747521777667,0,0
0.014716270308453,0.0,0.0,0.1299900007691712,0.0102993683054105,0.0454545454545454,0.0,0.0,0.38253455655581653,0,0
0.0912408759124087,0.0576923076923076,0.0,0.1781731075631539,0.0411974732216423,0.0909090909090909,0.0,0.06,0.5002126309417374,0,1
0.1471627030845301,0.1153846153846154,0.0,0.4562835825815583,0.1132930513595163,0.1590909090909091,0.0,0.12,0.5009506224557977,0,1
0.0382623028019778,0.2307692307692307,0.375,0.0,0.0,0.0,0.0,0.24,0.3299446943174371,1,0
0.0206027784318342,0.0,0.0,0.1470216576746839,0.0205987366108211,0.0909090909090909,0.0,0.0,0.45773187442321395,0,0
0.058865081233812,0.0576923076923076,0.09375,0.2043798828661525,0.0446305959901125,0.0909090909090909,0.0,0.06,0.49855666599595827,0,0
0.0882976218507181,0.0576923076923076,0.0,0.1396046457964768,0.0377643504531721,0.1363636363636363,0.0,0.06,0.5010465647975577,0,1
0.2089710383800328,0.2307692307692307,0.15625,0.2077312734185276,0.1270255424333971,0.25,0.0,0.24,0.5342413984045732,1,1
0.0412055568636684,0.0961538461538461,0.0,0.060270089114024,0.0343312276847019,0.0454545454545454,0.0,0.1,0.4470303195319197,0,0
0.044148810925359,0.0576923076923076,0.0,0.0935092904941375,0.0171656138423509,0.0681818181818181,0.0,0.06,0.5751129851434397,0,1
0.0676948434188838,0.0576923076923076,0.0,0.1876778709330046,0.0446305959901125,0.0454545454545454,0.0,0.06,0.4993738747530749,0,0
0.1118436543442429,0.0961538461538461,0.0,0.2296526640807843,0.0755287009063442,0.1136363636363636,0.125,0.1,0.5006223857727494,0,1
0.0176595243701436,0.0,0.0,0.1095520124825559,0.0171656138423509,0.0454545454545454,0.125,0.0,0.38419996675117846,0,0
0.0353190487402872,0.0192307692307692,0.0,0.094278462096322,0.0274649821477615,0.0,0.0,0.0199999999999999,0.3280738954482915,0,0
0.1471627030845301,0.0769230769230769,0.0,0.0673574560198664,0.0240318593792913,0.6818181818181819,0.0,0.08,0.5406379865679871,0,1
0.0353190487402872,0.0192307692307692,0.0,0.0919160064610412,0.0068662455369403,0.0227272727272727,0.0,0.0199999999999999,0.3091561839740899,0,0
0.0794678596656462,0.0192307692307692,0.0,0.3177777533596307,0.0617962098324634,0.1818181818181818,0.0,0.0199999999999999,0.507162359318134,0,1
0.1000706380974805,0.1346153846153846,0.0,0.2076763325898001,0.0617962098324634,0.0909090909090909,0.0,0.1399999999999999,0.5003169908545854,0,1
0.214857546503414,0.173076923076923,0.1875,0.0,0.0,0.0,0.0,0.18,0.5310520696001206,1,1
0.1412761949611489,0.0384615384615384,0.0,0.2697594690518304,0.0926943147486952,0.3181818181818182,0.0,0.04,0.5009264009270459,0,1
0.214857546503414,0.173076923076923,0.0,0.2602547056819797,0.1682230156550394,0.1818181818181818,0.0,0.18,0.5018751302690913,1,1
0.0529785731104308,0.0961538461538461,0.0625,0.0915314206599489,0.0480637187585827,0.0681818181818181,0.0,0.1,0.4974149896175394,1,0
0.0088297621850718,0.0192307692307692,0.0,0.1431757996637617,0.0171656138423509,0.0227272727272727,0.0,0.0199999999999999,0.3036645714959367,0,0
0.073581351542265,0.0384615384615384,0.0,0.1224081664047817,0.0274649821477615,0.1136363636363636,0.0,0.04,0.49841241857147095,0,0
0.0088297621850718,0.0192307692307692,0.0,0.0542265979540033,0.0068662455369403,0.0,0.0,0.0199999999999999,0.33269677572622536,0,0
0.0500353190487402,0.0576923076923076,0.0,0.0921907106046785,0.0205987366108211,0.1136363636363636,0.0,0.06,0.5172057567851904,0,1
0.0500353190487402,0.0384615384615384,0.0,0.0878503851352091,0.0240318593792913,0.0,0.0,0.04,0.32784336650157564,0,0
0.185425005886508,0.1538461538461538,0.09375,0.1544386695528911,0.0583630870639932,0.2272727272727273,0.0,0.16,0.5034144740364258,0,1
0.1559924652696019,0.1538461538461538,0.25,0.0,0.0,0.0,0.0,0.16,0.5311706081756885,1,1
0.1736519896397456,0.0961538461538461,0.0,0.2927796762886363,0.1991211205712711,0.2045454545454545,0.0,0.1,0.5009890962038502,0,1
0.1265599246526959,0.0192307692307692,0.0,0.0,0.0,0.0,0.0,0.0199999999999999,0.5033275415645092,0,1
0.0706380974805744,0.0384615384615384,0.0,0.1238915687804231,0.0343312276847019,0.1818181818181818,0.0,0.04,0.4980355734307419,0,0
0.0853543677890275,0.0576923076923076,0.0625,0.1016405331458016,0.0617962098324634,0.1590909090909091,0.0,0.06,0.5019506142049759,0,1
0.0088297621850718,0.0192307692307692,0.0,0.0456008878437921,0.0068662455369403,0.0227272727272727,0.0,0.0199999999999999,0.3309380196797676,0,0
0.0029432540616906,0.0192307692307692,0.0,0.1141121012669351,0.0102993683054105,0.0,0.0,0.0199999999999999,0.3065868850530318,0,0
0.0235460324935248,0.0769230769230769,0.0,0.0694452075115099,0.0171656138423509,0.0,0.0,0.08,0.33269677572622536,0,0
0.0559218271721214,0.0192307692307692,0.0,0.1136725746371155,0.0583630870639932,0.0227272727272727,0.25,0.0199999999999999,0.5012542447488083,0,1
0.0206027784318342,0.0576923076923076,0.09375,0.0623578406056675,0.0102993683054105,0.0454545454545454,0.0,0.06,0.38422747521777667,0,0
0.0264892865552154,0.0192307692307692,0.0,0.0668080477325918,0.0068662455369403,0.0454545454545454,0.0,0.0199999999999999,0.38422747521777667,0,0
0.0824111137273369,0.173076923076923,0.0,0.1130132846923859,0.0377643504531721,0.0454545454545454,0.0,0.18,0.5018087431892305,0,1
0.4650341417471153,0.4615384615384615,0.4375,0.2918456822002694,0.2883823125514961,0.4090909090909091,0.25,0.48,0.5549479448948614,1,1
0.0235460324935248,0.0192307692307692,0.0,0.0635115980089442,0.0068662455369403,0.0454545454545454,0.0,0.0199999999999999,0.38422747521777667,0,0
0.1971980221332704,0.1153846153846154,0.0,0.4269451800410945,0.1373249107388077,0.1363636363636363,0.0,0.12,0.5017135592495647,0,1
0.0882976218507181,0.1538461538461538,0.0625,0.1318030481171774,0.0823949464432846,0.0681818181818181,0.0,0.16,0.5013980643413996,0,1
0.0206027784318342,0.0,0.0,0.1185623083938594,0.0137324910738807,0.0227272727272727,0.0,0.0,0.30500065230698514,0,0
0.0412055568636684,0.0769230769230769,0.125,0.0687309767380529,0.0171656138423509,0.0454545454545454,0.0,0.08,0.38422747521777667,0,0
0.0971273840357899,0.0769230769230769,0.0,0.1474062434757761,0.0377643504531721,0.1136363636363636,0.0,0.08,0.5004591323566389,1,1
0.1559924652696019,0.0961538461538461,0.125,0.1661410660718401,0.0995605602856355,0.2045454545454545,0.0,0.1,0.5202563594367371,1,1
0.0382623028019778,0.0,0.0,0.1493841133099647,0.0343312276847019,0.0681818181818181,0.0,0.0,0.5212288716536279,0,1
0.2236873086884858,0.0769230769230769,0.0,0.0,0.0,0.0,0.0,0.08,0.5017853219444285,1,1
1.0,1.0000000000000002,0.5,0.2037755337501505,0.909777533644601,1.0,0.0,1.0,0.5329357635791319,1,1
0.0470920649870496,0.0384615384615384,0.0,0.1015306514883467,0.0377643504531721,0.0909090909090909,0.0,0.04,0.4908038718093018,0,0
0.058865081233812,0.0961538461538461,0.0,0.1091674266814637,0.0446305959901125,0.1136363636363636,0.0,0.1,0.49855666599595827,0,0
0.0,0.0,0.0,0.0580724559649256,0.0034331227684701,0.0,0.0,0.0,0.33269677572622536,0,0
0.1530492112079113,0.0961538461538461,0.15625,0.06230289977694,0.0514968415270528,0.0227272727272727,0.0,0.1,0.5031659530612252,0,1
0.0706380974805744,0.2307692307692307,0.375,0.1559220719285325,0.0583630870639932,0.0681818181818181,0.0,0.24,0.4906654503356343,1,0
0.0853543677890275,0.0,0.0,0.2118518355730872,0.072095578137874,0.1590909090909091,0.0,0.0,0.503716671583639,0,1
0.058865081233812,0.0384615384615384,0.0625,0.1494939949674196,0.0446305959901125,0.1136363636363636,0.0,0.04,0.49855666599595827,0,0
0.1118436543442429,0.1346153846153846,0.0,0.0,0.0,0.0,0.0,0.1,0.5033579109695137,0,1
0.0235460324935248,0.0,0.0,0.1650971903260184,0.0171656138423509,0.0227272727272727,0.0,0.0,0.3036645714959367,0,0
0.0529785731104308,0.0192307692307692,0.0,0.1921830188886563,0.0377643504531721,0.0909090909090909,0.0,0.0199999999999999,0.4903747344645836,1,0
0.029432540616906,0.0192307692307692,0.0,0.08307053303592,0.0171656138423509,0.0227272727272727,0.0,0.0199999999999999,0.3194133649038424,0,0
0.0618083352955026,0.0384615384615384,0.0,0.2097091432527162,0.0411974732216423,0.0454545454545454,0.0,0.04,0.49888010769903934,0,0
0.0058865081233812,0.0,0.0,0.0292834617117363,0.0,0.0227272727272727,0.0,0.0,0.3309380196797676,1,0
0.5945373204615019,0.2115384615384615,0.0625,0.3420066588284408,0.624828343861575,1.0,0.5,0.22,0.503965461278091,0,1
0.0676948434188838,0.0,0.0,0.3692023690485337,0.0995605602856355,0.0909090909090909,0.0,0.0,0.4990109478220738,0,0
0.2354603249352482,0.2307692307692307,0.0,0.0,0.0,0.0,0.0,0.15,0.5028638122280443,0,1
0.1383329408994583,0.1346153846153846,0.0,0.2215763622578476,0.1544905245811586,0.2045454545454545,0.0,0.1399999999999999,0.5008127749813589,0,1
0.0882976218507181,0.0769230769230769,0.09375,0.1363631369015566,0.0755287009063442,0.1818181818181818,0.0,0.08,0.5045267378197453,0,1
0.073581351542265,0.0576923076923076,0.0,0.1571307701605366,0.054929964295523,0.0681818181818181,0.125,0.06,0.49979834913778587,0,0
0.1118436543442429,0.0576923076923076,0.0,0.2308613623127884,0.0789618236748144,0.1363636363636363,0.0,0.06,0.5006319161274508,0,1
0.2972686602307509,0.3846153846153846,0.15625,0.1999296757392283,0.2059873661082115,0.3181818181818182,0.5,0.4,0.5316611354952019,0,1
0.0559218271721214,0.0,0.0,0.51985012141923,0.0514968415270528,0.0,0.0,0.0,0.5030007040316257,0,1
0.229573816811867,0.25,0.09375,0.2358609777269873,0.1579236473496288,0.1818181818181818,0.125,0.26,0.5266808996145602,1,1
0.1824817518248174,0.0961538461538461,0.0,0.1848758886679041,0.1201592968964567,0.1818181818181818,0.0,0.09,0.5022111716905071,0,1
0.0029432540616906,0.0,0.0,0.0597206808267494,0.0034331227684701,0.0,0.0,0.0,0.33269677572622536,0,0
0.1471627030845301,0.1923076923076923,0.0,0.1387805333655649,0.1132930513595163,0.3863636363636363,0.0,0.1999999999999999,0.5428322082605983,0,1
0.185425005886508,0.0961538461538461,0.0,0.198830859164679,0.2128536116451519,0.2954545454545454,0.0,0.1,0.5017989227427861,0,1
0.0529785731104308,0.0384615384615384,0.0,0.0,0.0,0.0,0.0,0.04,0.3281518527231453,0,0
0.185425005886508,0.1153846153846154,0.0625,0.2596503565659777,0.1235924196649269,0.1818181818181818,0.0,0.12,0.5053131750227766,0,1
0.0235460324935248,0.0576923076923076,0.0625,0.1347149120397328,0.0205987366108211,0.0681818181818181,0.0,0.06,0.4754227531097252,0,0
0.4444313633152811,0.3269230769230769,0.21875,0.5610557429648253,0.2780829442460856,0.4318181818181818,1.0,0.34,0.5549479448948614,0,1
0.0176595243701436,0.0,0.0,0.133066687177909,0.0068662455369403,0.0454545454545454,0.0,0.0,0.3824325800687229,0,0
0.3267012008476569,0.1346153846153846,0.0,0.1897656224246481,0.1510574018126884,0.7272727272727273,0.0,0.13,0.5045109485901855,1,1
0.0264892865552154,0.0769230769230769,0.125,0.0579076334787432,0.0205987366108211,0.0909090909090909,0.0,0.08,0.6804708154107305,0,1
0.0412055568636684,0.0192307692307692,0.0,0.0750491720417108,0.0068662455369403,0.0454545454545454,0.0,0.0199999999999999,0.38422747521777667,1,0
0.0353190487402872,0.0769230769230769,0.0625,0.1044425154109021,0.0411974732216423,0.0681818181818181,0.0,0.08,0.4902918532459693,0,0
0.058865081233812,0.0,0.0,0.1852604744689963,0.0171656138423509,0.0681818181818181,0.0,0.0,0.4581880246043994,0,0
0.0117730162467624,0.0192307692307692,0.0,0.1458129594426798,0.0102993683054105,0.0,0.0,0.0199999999999999,0.3048084650377864,0,0
0.1000706380974805,0.173076923076923,0.21875,0.0,0.0,0.0,0.0,0.18,0.5807344054574581,0,1
0.0412055568636684,0.1923076923076923,0.15625,0.2295427824233294,0.0858280692117548,0.0227272727272727,0.0,0.1999999999999999,0.4997204301732203,0,0
0.0470920649870496,0.0192307692307692,0.0,0.0610942015449359,0.0171656138423509,0.0909090909090909,0.0,0.0199999999999999,0.6231968879086865,0,1
0.0676948434188838,0.0769230769230769,0.09375,0.2277297350753232,0.054929964295523,0.0681818181818181,0.0,0.08,0.49948243758178074,0,0
0.058865081233812,0.0,0.0,0.1388354741942923,0.0377643504531721,0.0909090909090909,0.0,0.0,0.4904419980217039,0,0
0.185425005886508,0.1153846153846154,0.125,0.0,0.0,0.0,0.0,0.12,0.5087084333633601,0,1
0.0765246056039556,0.0576923076923076,0.0,0.1226828705484189,0.0411974732216423,0.0909090909090909,0.0,0.06,0.49989406853580914,0,0
0.014716270308453,0.0192307692307692,0.0,0.0578526926500157,0.0068662455369403,0.0227272727272727,0.0,0.0199999999999999,0.3309380196797676,0,0
0.0559218271721214,0.0576923076923076,0.0,0.1155405628138491,0.0274649821477615,0.0454545454545454,0.0,0.06,0.4303043585269268,1,0
0.0382623028019778,0.0384615384615384,0.0,0.1159251486149413,0.0205987366108211,0.0681818181818181,0.0,0.04,0.5080033141282951,1,1
0.0412055568636684,0.0384615384615384,0.0,0.0,0.0,0.0,0.0,0.04,0.32887307554274586,0,0
0.1118436543442429,0.0384615384615384,0.0,0.1079587284494596,0.0274649821477615,0.0681818181818181,0.5,0.04,0.5005468306180955,1,1
0.3502472333411818,0.3076923076923077,0.5,0.0,0.0,0.0,0.0,0.32,0.5414734614303316,1,1
0.1177301624676241,0.0384615384615384,0.0,0.431065742195654,0.1167261741279865,0.0909090909090909,0.0,0.04,0.5007711612916844,0,1
0.0676948434188838,0.0576923076923076,0.0625,0.1268034327029785,0.0480637187585827,0.1590909090909091,0.0,0.06,0.4991347427562054,1,0
0.0824111137273369,0.1346153846153846,0.0,0.1519113914314279,0.054929964295523,0.0227272727272727,0.125,0.13,0.5204055973291611,0,1
0.0176595243701436,0.0,0.0,0.1404836990561161,0.0102993683054105,0.0227272727272727,0.0,0.0,0.30368712206419507,0,0
0.1618789733929831,0.1153846153846154,0.0625,0.2317953564011552,0.1304586652018673,0.2045454545454545,0.0,0.12,0.5067242052244714,1,1
0.0235460324935248,0.0,0.0,0.1260342611007941,0.0171656138423509,0.0454545454545454,0.0,0.0,0.3827499491333227,0,0
0.1236166705910053,0.0576923076923076,0.0,0.3454679310382708,0.1029936830541057,0.1590909090909091,0.0,0.06,0.500978204206314,0,1
0.1559924652696019,0.0,0.0,0.6024811278253304,0.1373249107388077,0.2727272727272727,1.0,0.0,0.5009131672589355,0,1
0.0912408759124087,0.1153846153846154,0.1875,0.196798048501763,0.0514968415270528,0.1363636363636363,0.0,0.12,0.5009906628337758,0,1
0.0618083352955026,0.1153846153846154,0.1875,0.0942235212675945,0.0411974732216423,0.0454545454545454,0.0,0.12,0.4989011633857319,0,0
0.0412055568636684,0.0576923076923076,0.0,0.1119144681178367,0.0171656138423509,0.0681818181818181,0.0,0.06,0.5114117022556279,0,1
0.2737226277372261,0.7307692307692307,0.0,0.3475007417011868,0.1716561384235096,0.1136363636363636,0.0,0.39,0.5059019237936094,0,1
0.1295031787143865,0.2307692307692307,0.34375,0.1824584922038959,0.0926943147486952,0.0909090909090909,0.625,0.24,0.5833303451033918,0,1
0.3208146927242757,0.5,0.59375,0.3750260968936445,0.3227135402361981,0.2045454545454545,0.625,0.52,0.5549479448948614,1,1
0.0706380974805744,0.0384615384615384,0.0,0.1594932257958174,0.0377643504531721,0.0681818181818181,0.0,0.04,0.4995565279714232,0,0
0.0,0.0,0.0,0.0835100596657397,0.0102993683054105,0.0,0.0,0.0,0.31545705234634824,0,0
0.0029432540616906,0.0,0.0,0.0821365389475532,0.0068662455369403,0.0,0.0,0.0,0.3173842839807439,0,0
0.1030138921591711,0.0769230769230769,0.0,0.2758579010405785,0.0480637187585827,0.1136363636363636,0.25,0.08,0.5008645720515319,1,1
0.6798916882505294,0.3076923076923077,0.09375,0.7468656257210963,0.5492996429552308,0.8181818181818182,0.375,0.32,0.5205308558306798,1,1
0.1030138921591711,0.0769230769230769,0.0,0.1860845868999082,0.0617962098324634,0.1363636363636363,0.0,0.08,0.5007789354200116,1,1
0.853543677890275,0.8076923076923077,1.0,0.7809838803608492,0.6660258170832174,0.5909090909090909,0.25,0.84,0.5549479448948614,1,1
0.0323757946785966,0.0384615384615384,0.0625,0.0603250299427514,0.0205987366108211,0.0909090909090909,0.0,0.04,0.6748850802785015,0,1
0.0470920649870496,0.1153846153846154,0.1875,0.1333413913215463,0.054929964295523,0.0,0.0,0.12,0.5019363879846375,1,1
0.0264892865552154,0.0,0.0,0.0959816277868732,0.0240318593792913,0.0227272727272727,0.0,0.0,0.3109622801426819,0,0
0.014716270308453,0.0384615384615384,0.0,0.0925752964057707,0.0171656138423509,0.0,0.0,0.04,0.3099812339753054,0,0
0.029432540616906,0.0,0.0,0.135099497840825,0.0205987366108211,0.0909090909090909,0.0,0.0,0.45773187442321395,0,0
0.2325170708735576,0.0961538461538461,0.09375,0.1014757106596193,0.0926943147486952,0.1818181818181818,0.25,0.1,0.5741690626044532,0,1
0.0206027784318342,0.0384615384615384,0.0625,0.0723570714340653,0.0171656138423509,0.0227272727272727,0.0,0.04,0.3309380196797676,0,0
0.029432540616906,0.0769230769230769,0.125,0.0611491423736633,0.0205987366108211,0.0454545454545454,0.0,0.08,0.38422747521777667,0,0
0.0765246056039556,0.0961538461538461,0.0,0.1080686101069145,0.0343312276847019,0.0454545454545454,0.0,0.1,0.4936157588964929,0,0
0.1177301624676241,0.1346153846153846,0.21875,0.0,0.0,0.0,0.0,0.1399999999999999,0.5047822119120423,1,1
0.0088297621850718,0.0,0.0,0.1301548232553536,0.0102993683054105,0.0,0.0,0.0,0.30519276701120385,0,0
0.0353190487402872,0.0,0.0,0.0704341424286042,0.0308981049162317,0.0909090909090909,0.0,0.0,0.54534783448162,0,1
0.0353190487402872,0.0192307692307692,0.0,0.1771841726460596,0.0102993683054105,0.0909090909090909,0.0,0.0199999999999999,0.4717679477842307,1,0
0.0206027784318342,0.0192307692307692,0.0,0.0,0.0,0.0,0.0,0.0199999999999999,0.33269677572622536,0,0
0.3796797739580878,0.0384615384615384,0.0625,0.5560011867218989,0.2128536116451519,0.5681818181818182,1.0,0.04,0.5010625350935713,0,1
0.2913821521073697,0.0769230769230769,0.0,0.4670519850121406,0.2780829442460856,0.3181818181818182,0.0,0.08,0.5019541536901871,0,1
0.0470920649870496,0.0769230769230769,0.0,0.0815871306602786,0.0171656138423509,0.0,0.0,0.0499999999999999,0.3278463115528236,0,0
0.1412761949611489,0.0961538461538461,0.0625,0.3950794993791675,0.0617962098324634,0.2045454545454545,0.125,0.1,0.507800455255417,0,1
0.0264892865552154,0.0,0.0,0.0,0.0,0.0,0.0,0.0,0.33269677572622536,0,0
0.0647515893571932,0.0384615384615384,0.0,0.1347698528684603,0.0343312276847019,0.0681818181818181,0.0,0.04,0.4991350894404313,0,0
0.0824111137273369,0.0961538461538461,0.09375,0.1043326337534472,0.0514968415270528,0.0227272727272727,0.0,0.08,0.5155089889636143,0,1
0.0912408759124087,0.0,0.0,0.6205017196479374,0.1064268058225759,0.1818181818181818,0.0,0.0,0.5170129001379502,0,1
0.6327996232634797,0.75,0.25,0.4278791741294613,0.3982422411425423,0.5909090909090909,0.125,0.78,0.5549479448948614,1,1
0.1206734165293147,0.0961538461538461,0.0,0.2194336699374767,0.089261191980225,0.1818181818181818,0.0,0.07,0.5018561761906856,1,1
0.1089004002825523,0.1153846153846154,0.15625,0.0,0.0,0.0,0.0,0.12,0.5029049891369484,1,1
0.0824111137273369,0.0,0.0,0.2191589657938394,0.0274649821477615,0.1363636363636363,0.0,0.0,0.5756231520505086,1,1
0.0264892865552154,0.0384615384615384,0.0,0.0475238168492532,0.0137324910738807,0.0227272727272727,0.0,0.04,0.3309380196797676,0,0
0.1383329408994583,0.1153846153846154,0.09375,0.134495148724823,0.054929964295523,0.0909090909090909,0.0,0.12,0.4999999999999997,1,0
0.0353190487402872,0.0384615384615384,0.0625,0.1366927818739214,0.0240318593792913,0.0227272727272727,0.0,0.04,0.30276077153414005,0,0
0.1677654815163644,0.0576923076923076,0.0,0.3042623094926755,0.1510574018126884,0.1136363636363636,0.0,0.06,0.5010145579303252,0,1
0.0323757946785966,0.0192307692307692,0.0,0.1025745272341685,0.0205987366108211,0.0227272727272727,0.0,0.0199999999999999,0.3071734235323167,0,0
0.0559218271721214,0.0192307692307692,0.0,0.1122441130902015,0.0240318593792913,0.0681818181818181,0.0,0.0199999999999999,0.45804182185169423,0,0
0.0882976218507181,0.0,0.0,0.6339072818574377,0.0995605602856355,0.0,0.0,0.0,0.6132682388902188,0,1
0.0117730162467624,0.3076923076923077,0.375,0.5291900623028982,0.3879428728371317,0.0,0.0,0.32,0.0,0,0
0.044148810925359,0.0769230769230769,0.09375,0.1235069829793309,0.0343312276847019,0.0227272727272727,0.0,0.08,0.3337529842925296,0,0
0.2060277843183422,0.1153846153846154,0.0,0.4576021624710174,0.1647898928865692,0.1590909090909091,0.0,0.12,0.5015895962194269,0,1
0.2030845302566516,0.2692307692307693,0.40625,0.3521157713142935,0.1716561384235096,0.3181818181818182,0.0,0.2799999999999999,0.5474744035421728,1,1
0.4768071579938777,0.3653846153846154,0.3125,0.0,0.0,0.0,0.0,0.38,0.5414734614303316,1,1
0.0088297621850718,0.0,0.0,0.0801037282846372,0.0068662455369403,0.0,0.0,0.0,0.32018158263054547,0,0
0.1177301624676241,0.173076923076923,0.28125,0.3262386409836597,0.0789618236748144,0.1363636363636363,0.125,0.18,0.519432235244748,1,1
0.0264892865552154,0.0384615384615384,0.0625,0.1293856516531691,0.0240318593792913,0.1136363636363636,0.0,0.04,0.45779780073987403,1,0
0.0088297621850718,0.0,0.0,0.1381212434208353,0.0205987366108211,0.0227272727272727,0.0,0.0,0.30373339954038037,0,0
0.0235460324935248,0.0192307692307692,0.0,0.0864219235882951,0.0068662455369403,0.0,0.0,0.0199999999999999,0.31127133984930255,0,0
0.058865081233812,0.0384615384615384,0.0,0.0855978111573832,0.0377643504531721,0.0681818181818181,0.125,0.04,0.49855666599595827,1,0
0.1648222274546738,0.2307692307692307,0.0,0.1786675750217011,0.0755287009063442,0.0909090909090909,0.0,0.21,0.5017634779245134,0,1
0.0353190487402872,0.0192307692307692,0.0,0.1036184029799902,0.0171656138423509,0.0909090909090909,0.0,0.0199999999999999,0.5376978710203113,0,1
0.5327289851659992,0.2115384615384615,0.125,0.3205797356247312,0.2643504531722048,0.3636363636363636,0.0,0.1999999999999999,0.5459729945743367,0,1
0.1471627030845301,0.0576923076923076,0.0,0.2937686112057306,0.0995605602856355,0.2272727272727273,0.0,0.06,0.5007920384096155,0,1
0.0824111137273369,0.0576923076923076,0.0,0.1209247640291402,0.0411974732216423,0.1590909090909091,0.0,0.06,0.5017914560934552,0,1
0.385566282081469,0.0576923076923076,0.0625,0.8073554781500301,0.3913759956056019,0.5454545454545454,0.0,0.06,0.5010625350935713,0,1
0.0647515893571932,0.0192307692307692,0.0,0.2305866581691511,0.0446305959901125,0.0909090909090909,0.0,0.0199999999999999,0.4905337372904512,1,0
0.0412055568636684,0.0192307692307692,0.0,0.0929598822068629,0.0171656138423509,0.0454545454545454,0.0,0.0199999999999999,0.38422747521777667,1,0
0.2678361196138449,0.3076923076923077,0.1875,0.2365202676717168,0.2059873661082115,0.2727272727272727,0.0,0.32,0.5435802935605332,0,1
0.0,0.0,0.0,0.0,0.0,0.0,0.0,0.0,0.33269677572622536,0,0
0.0117730162467624,0.0192307692307692,0.0,0.0638412429813089,0.0034331227684701,0.0,0.0,0.0199999999999999,0.33269677572622536,1,0
0.073581351542265,0.0769230769230769,0.0625,0.1265836693880687,0.054929964295523,0.1136363636363636,0.0,0.08,0.4997674818462069,1,0
0.1324464327760771,0.0576923076923076,0.0,0.1480105925917782,0.072095578137874,0.1590909090909091,0.0,0.06,0.5007934451158194,0,1
0.8241111372733689,0.6153846153846154,0.28125,0.9677277572054868,0.3604778906893702,1.0,0.0,0.64,0.5549479448948614,1,1
0.0264892865552154,0.0576923076923076,0.09375,0.0596107991692945,0.0102993683054105,0.0227272727272727,0.0,0.06,0.3309380196797676,0,0
0.1118436543442429,0.0961538461538461,0.0625,0.226630918500774,0.089261191980225,0.1590909090909091,0.0,0.1,0.5046959104922014,0,1
0.185425005886508,0.3269230769230769,0.0,0.3092069840781469,0.1407580335072779,0.0454545454545454,0.0,0.18,0.5045181884308608,0,1
0.0264892865552154,0.0769230769230769,0.0,0.1190567758524066,0.0274649821477615,0.0227272727272727,0.0,0.08,0.30597306447388467,0,0
0.0676948434188838,0.0,0.0,0.1904249123693776,0.0171656138423509,0.1136363636363636,0.0,0.0,0.45878157397245917,0,0
0.0058865081233812,0.0,0.0,0.0578526926500157,0.0034331227684701,0.0,0.0,0.0,0.33269677572622536,0,0
0.1089004002825523,0.0769230769230769,0.0,0.0708736690584238,0.0411974732216423,0.2045454545454545,0.0,0.08,0.6698300070578921,1,1
0.1265599246526959,0.0769230769230769,0.09375,0.1094970716538285,0.0686624553694038,0.1590909090909091,0.0,0.08,0.5009148499472184,0,1
0.0058865081233812,0.0,0.0,0.0998824266265229,0.0102993683054105,0.0,0.0,0.0,0.30864248339658445,0,0
0.1000706380974805,0.1346153846153846,0.0,0.1779533442482441,0.0789618236748144,0.1590909090909091,0.0,0.1399999999999999,0.5015438708661804,0,1
0.1118436543442429,0.0961538461538461,0.0,0.2604744689968896,0.1819555067289202,0.0681818181818181,0.0,0.1,0.5006777915219772,0,1
0.1618789733929831,0.0576923076923076,0.0,0.3505224872811971,0.089261191980225,0.2727272727272727,0.5,0.06,0.5009864112138058,0,1
0.8299976453967501,1.0000000000000002,0.0,1.0,1.0,0.2954545454545454,0.0,1.0,0.5023895180621549,1,1
0.0088297621850718,0.0192307692307692,0.0,0.0635115980089442,0.0068662455369403,0.0227272727272727,0.0,0.0199999999999999,0.3309380196797676,0,0
0.0117730162467624,0.0,0.0,0.1080686101069145,0.0137324910738807,0.0227272727272727,0.0,0.0,0.3063154819523919,0,0
0.0088297621850718,0.0,0.0,0.2155878119265545,0.0171656138423509,0.0,0.0,0.0,0.3048084650377864,0,0
0.2236873086884858,0.2115384615384615,0.21875,0.0,0.0,0.0,0.0,0.22,0.5405697953924161,1,1
0.0323757946785966,0.0192307692307692,0.0,0.0760930477875326,0.0205987366108211,0.0681818181818181,0.0,0.0199999999999999,0.6249024668315811,0,1
0.0882976218507181,0.1346153846153846,0.125,0.0632918346940343,0.0514968415270528,0.2045454545454545,0.125,0.1399999999999999,0.7356709242857129,0,1
0.0176595243701436,0.0192307692307692,0.0,0.0522487281198148,0.0034331227684701,0.0227272727272727,0.0,0.0199999999999999,0.3309380196797676,1,0
0.0971273840357899,0.1346153846153846,0.1875,0.0921907106046785,0.0411974732216423,0.0909090909090909,0.125,0.1399999999999999,0.5011930261944222,0,1
0.1206734165293147,0.173076923076923,0.15625,0.0,0.0,0.0,0.0,0.18,0.5261265382127753,0,1
0.0618083352955026,0.0576923076923076,0.09375,0.0,0.0,0.0,0.0,0.06,0.33076781369257413,0,0
0.029432540616906,0.0,0.0,0.0472491127056159,0.0068662455369403,0.1590909090909091,0.0,0.0,0.619477429358639,0,1
0.0323757946785966,0.0192307692307692,0.0,0.1715802081158587,0.0171656138423509,0.0454545454545454,0.0,0.0199999999999999,0.3824325800687229,0,0
0.2501765952437013,0.1538461538461538,0.15625,0.2110277231421752,0.1476242790442183,0.2954545454545454,0.0,0.16,0.5353258427305808,1,1
0.0618083352955026,0.0769230769230769,0.0625,0.0,0.0,0.0,0.0,0.08,0.33076781369257413,0,0
0.0117730162467624,0.0192307692307692,0.0,0.0704341424286042,0.0102993683054105,0.0454545454545454,0.0,0.0199999999999999,0.38422747521777667,0,0
0.1883682599481986,0.1153846153846154,0.15625,0.3150307119232577,0.1132930513595163,0.1590909090909091,0.625,0.12,0.5160860310133788,0,1
0.0647515893571932,0.0576923076923076,0.0625,0.1291109475095318,0.0274649821477615,0.1136363636363636,0.375,0.06,0.49577751082560667,1,0
0.2472333411820106,0.2307692307692307,0.09375,0.3771687892140155,0.1888217522658606,0.1818181818181818,1.0,0.1999999999999999,0.5228111588510707,0,1
0.0,0.0,0.0,0.0876306218202992,0.0034331227684701,0.0,0.0,0.0,0.3109907019239384,0,0
0.0323757946785966,0.1346153846153846,0.21875,0.0798290241409999,0.0274649821477615,0.0227272727272727,0.0,0.1399999999999999,0.3280738954482915,0,0
0.1795384977631268,0.1153846153846154,0.09375,0.2524531080026804,0.1029936830541057,0.25,0.0,0.12,0.5169928965367641,0,1
0.0323757946785966,0.0,0.0,0.3043721911501304,0.0411974732216423,0.0909090909090909,0.0,0.0,0.4902962755185049,0,0
0.2619496114904637,0.1346153846153846,0.0,0.8304855670442909,0.2162867344136221,0.2272727272727273,0.0,0.1399999999999999,0.5016352259869474,0,1
0.0853543677890275,0.0384615384615384,0.0,0.2436625754062867,0.0583630870639932,0.0909090909090909,0.0,0.04,0.5004510135199994,0,1
0.058865081233812,0.0384615384615384,0.0,0.0445570120979703,0.0514968415270528,0.0227272727272727,0.0,0.04,0.5015470614700454,1,1
0.0,0.0,0.0,0.0431834913797838,0.0034331227684701,0.0,0.0,0.0,0.33269677572622536,1,0
0.0618083352955026,0.0961538461538461,0.0,0.0723021306053378,0.0411974732216423,0.0454545454545454,0.125,0.1,0.4989011633857319,0,0
0.0323757946785966,0.0192307692307692,0.0,0.0965310360741478,0.0137324910738807,0.0227272727272727,0.0,0.0199999999999999,0.3082472585948409,0,0
0.4356016011302093,0.4038461538461539,0.34375,0.277945652532222,0.2952485580884366,0.5454545454545454,0.0,0.4,0.5549479448948614,1,1
0.2178008005651046,0.1153846153846154,0.15625,0.2719571022009288,0.1991211205712711,0.2727272727272727,0.0,0.12,0.5129288973969823,0,1
0.0794678596656462,0.0961538461538461,0.09375,0.1863592910435455,0.0583630870639932,0.0909090909090909,0.0,0.1,0.5001635106341622,0,1
0.2178008005651046,0.2307692307692307,0.09375,0.2017976639159619,0.2300192254875029,0.2045454545454545,0.0,0.24,0.5322809891445779,1,1
0.214857546503414,0.1538461538461538,0.0,0.2191589657938394,0.1373249107388077,0.4090909090909091,0.0,0.16,0.5019186003161271,1,1
0.1059571462208617,0.173076923076923,0.15625,0.0,0.0,0.0,0.0,0.2799999999999999,0.5650872132407282,0,1
0.073581351542265,0.0384615384615384,0.0,0.1022998230905312,0.0308981049162317,0.1136363636363636,0.0,0.04,0.49841241857147095,0,0
0.1824817518248174,0.0,0.0,0.5155647367784881,0.0961274375171654,0.2045454545454545,1.0,0.0,0.501273888008367,0,1
0.1501059571462207,0.1153846153846154,0.0625,0.289648049051171,0.1064268058225759,0.1136363636363636,0.0,0.12,0.5047286712477189,0,1
0.0058865081233812,0.0,0.0,0.1064203852450907,0.0068662455369403,0.0227272727272727,0.0,0.0,0.3065608902786603,0,0
0.1030138921591711,0.0769230769230769,0.125,0.3647521619216093,0.1407580335072779,0.2045454545454545,0.0,0.08,0.5182359594963568,0,1
0.1236166705910053,0.0192307692307692,0.0,0.3577746766732219,0.0686624553694038,0.2954545454545454,0.0,0.0199999999999999,0.5018604816884344,1,1
0.0824111137273369,0.0384615384615384,0.0,0.1416374564593928,0.0308981049162317,0.2272727272727273,0.0,0.04,0.7561809534086579,0,1
0.4797504120555683,0.2307692307692307,0.0,0.6714868087070206,0.4188409777533635,0.7272727272727273,0.0,0.24,0.5023895180621549,1,1
0.0382623028019778,0.0,0.0,0.1246607403826075,0.0308981049162317,0.0681818181818181,0.0,0.0,0.5485751235799864,0,1
0.014716270308453,0.0,0.0,0.0726317755777026,0.0068662455369403,0.0454545454545454,0.0,0.0,0.38422747521777667,0,0
0.0323757946785966,0.0384615384615384,0.0625,0.075543639500258,0.0240318593792913,0.0,0.0,0.04,0.32827574884846883,0,0
0.1206734165293147,0.2115384615384615,0.21875,0.1183974859076771,0.0652293326009336,0.1363636363636363,0.0,0.22,0.5563493100890922,1,1
0.0853543677890275,0.0769230769230769,0.0,0.1650971903260184,0.0926943147486952,0.0681818181818181,0.0,0.08,0.5007329160375101,0,1
0.0500353190487402,0.0,0.0,0.2339380487215262,0.0171656138423509,0.1136363636363636,0.0,0.0,0.5583537273339352,0,1
1.0,0.4230769230769231,0.0,0.7820826969353983,1.0,1.0,0.125,0.44,0.5023895180621549,0,1
0.0559218271721214,0.0192307692307692,0.0,0.0972452668476048,0.0240318593792913,0.1136363636363636,0.0,0.0199999999999999,0.5142876300097684,0,1
0.0470920649870496,0.173076923076923,0.28125,0.1626797938620101,0.0446305959901125,0.0681818181818181,0.0,0.18,0.49051272380410993,0,0
0.0382623028019778,0.0576923076923076,0.09375,0.1655916577845655,0.0961274375171654,0.0227272727272727,0.0,0.06,0.4998329459951584,0,0
0.1030138921591711,0.0961538461538461,0.0,0.1324073972331794,0.089261191980225,0.1590909090909091,0.0,0.1,0.5014671316066294,0,1
0.1677654815163644,0.3653846153846154,0.40625,0.3453031085520884,0.144191156275748,0.0681818181818181,0.0,0.38,0.6020217242834482,0,1
0.0676948434188838,0.1153846153846154,0.0625,0.0977397343061519,0.0308981049162317,0.0909090909090909,0.0,0.12,0.4966645725578217,0,0
0.0824111137273369,0.0961538461538461,0.15625,0.15597701275726,0.0446305959901125,0.0909090909090909,0.125,0.1,0.5002455699807039,0,1
0.0470920649870496,0.0769230769230769,0.125,0.1236718054655133,0.0137324910738807,0.0681818181818181,0.0,0.08,0.46076635334547944,0,0
0.0323757946785966,0.0961538461538461,0.125,0.1750964211544162,0.1167261741279865,0.0454545454545454,0.125,0.1,0.6104227786561727,0,1
0.1913115140098892,0.173076923076923,0.09375,0.1789972199940658,0.1064268058225759,0.25,0.0,0.18,0.524637784337,0,1
0.0824111137273369,0.0961538461538461,0.0,0.2374542617600837,0.0274649821477615,0.0681818181818181,0.375,0.1,0.5008670560336481,1,1
0.0382623028019778,0.1153846153846154,0.1875,0.1143868054105724,0.0274649821477615,0.0,0.0,0.12,0.30664970458910007,0,0
0.0176595243701436,0.0192307692307692,0.0,0.0899381366268526,0.0137324910738807,0.0,0.125,0.0199999999999999,0.3105092649792362,1,0
0.0323757946785966,0.0,0.0,0.1025745272341685,0.0205987366108211,0.0909090909090909,0.0,0.0,0.5418411810506398,0,1
0.1265599246526959,0.0961538461538461,0.0,0.2354763919258951,0.0583630870639932,0.0909090909090909,0.375,0.06,0.5004579795120851,0,1
0.1383329408994583,0.0961538461538461,0.0,0.2955267177250093,0.089261191980225,0.1363636363636363,0.0,0.1,0.5002507313902183,0,1
0.1265599246526959,0.0961538461538461,0.09375,0.2387179008208153,0.0995605602856355,0.1363636363636363,0.0,0.1,0.5073618723118758,0,1
0.073581351542265,0.0384615384615384,0.0,0.2291032557935097,0.054929964295523,0.1363636363636363,0.125,0.04,0.49969975605772904,1,0
0.0176595243701436,0.0,0.0,0.1094970716538285,0.0068662455369403,0.0681818181818181,0.0,0.0,0.5415112867599019,0,1
0.1913115140098892,0.0961538461538461,0.125,0.2236091729207637,0.0858280692117548,0.2272727272727273,0.0,0.1,0.5089548481149716,0,1
0.1295031787143865,0.1923076923076923,0.0,0.2114123089432674,0.089261191980225,0.0227272727272727,0.125,0.15,0.5454096242556306,1,1
0.0353190487402872,0.0192307692307692,0.0,0.0814772490028237,0.0171656138423509,0.1136363636363636,0.0,0.0199999999999999,0.6226056815345903,0,1
0.1059571462208617,0.0961538461538461,0.09375,0.2197633149098414,0.0755287009063442,0.0909090909090909,0.125,0.1,0.5013144100142468,0,1
0.0176595243701436,0.0384615384615384,0.0625,0.0720274264617005,0.0102993683054105,0.0454545454545454,0.0,0.04,0.38422747521777667,0,0
0.1089004002825523,0.0384615384615384,0.0,0.1955893502697589,0.0377643504531721,0.0909090909090909,0.0,0.04,0.5000169773826623,0,1
0.2384035789969388,0.2884615384615385,0.46875,0.0,0.0,0.0,0.0,0.3,0.5414734614303316,0,1
0.0264892865552154,0.0,0.0,0.0629072488929421,0.0205987366108211,0.0,0.0,0.0,0.3317138367149686,0,0
0.0235460324935248,0.0192307692307692,0.0,0.0987286692232462,0.0068662455369403,0.0227272727272727,0.0,0.0199999999999999,0.30784106924817184,0,0
0.073581351542265,0.1346153846153846,0.21875,0.1530651488347046,0.0652293326009336,0.0454545454545454,0.0,0.1399999999999999,0.49967257014857624,0,0
0.6769484341888388,0.8461538461538461,0.0,0.3647521619216093,0.5115352925020586,1.0,0.0,0.47,0.5023895180621549,1,1
0.0500353190487402,0.0192307692307692,0.0,0.1425714505477596,0.0137324910738807,0.0681818181818181,0.0,0.0199999999999999,0.45783156079343507,0,0
0.1118436543442429,0.1538461538461538,0.25,0.2221807113738497,0.1373249107388077,0.1818181818181818,0.0,0.16,0.5209195150954194,0,1
0.4826936661172589,0.4807692307692308,0.65625,0.8732844726229825,0.4600384509750058,0.4545454545454546,0.125,0.5,0.5549479448948614,1,1
0.1383329408994583,0.25,0.25,0.1628995571769199,0.0755287009063442,0.0909090909090909,0.125,0.26,0.5167142606783364,0,1
0.0676948434188838,0.0384615384615384,0.0,0.1507026931994237,0.0858280692117548,0.0681818181818181,0.0,0.04,0.49936169621807375,1,0
0.0559218271721214,0.0961538461538461,0.125,0.1594382849670899,0.0446305959901125,0.0454545454545454,0.0,0.1,0.4982455962176896,0,0
0.0206027784318342,0.0576923076923076,0.0,0.1428461546913969,0.0102993683054105,0.0,0.0,0.06,0.30481089020890134,0,0
0.0647515893571932,0.0961538461538461,0.0625,0.162185326403463,0.0446305959901125,0.0454545454545454,0.0,0.1,0.4991514792319014,0,0
0.0088297621850718,0.0192307692307692,0.0,0.0843891129253791,0.0068662455369403,0.0227272727272727,0.0,0.0199999999999999,0.3175242912754042,0,0
0.0412055568636684,0.0192307692307692,0.0,0.0,0.0,0.0,0.0,0.0199999999999999,0.32887307554274586,0,0
0.0912408759124087,0.0384615384615384,0.0,0.0,0.0,0.0,0.0,0.04,0.5041098143801209,0,1
0.6121968448316455,0.75,0.59375,0.1661960069005676,0.3879428728371317,0.3636363636363636,0.0,0.78,0.5078409337724473,0,1
0.0264892865552154,0.0384615384615384,0.0,0.1436702671223088,0.0240318593792913,0.0227272727272727,0.0,0.04,0.30260893395410265,0,0
0.0559218271721214,0.0384615384615384,0.0,0.0974650301625146,0.0205987366108211,0.0909090909090909,0.0,0.04,0.5023039076722524,0,1
0.073581351542265,0.0769230769230769,0.09375,0.1773489951322421,0.0446305959901125,0.1136363636363636,0.0,0.08,0.4997674818462069,1,0
0.1677654815163644,0.4807692307692308,0.71875,0.3073389959014133,0.2059873661082115,0.2272727272727273,0.0,0.5,0.5374615703779757,1,1
0.0559218271721214,0.1538461538461538,0.21875,0.1499335215972393,0.0686624553694038,0.0454545454545454,0.0,0.16,0.49757108743766315,0,0
0.1236166705910053,0.0384615384615384,0.0,0.361840297999054,0.0858280692117548,0.1136363636363636,0.0,0.04,0.5003602955758555,0,1
0.1795384977631268,0.1153846153846154,0.0,0.1814146164580741,0.1064268058225759,0.3181818181818182,0.0,0.12,0.5022701089489874,1,1
0.0412055568636684,0.0576923076923076,0.0,0.1037832254661726,0.0308981049162317,0.0681818181818181,0.25,0.06,0.5397270200410116,0,1
0.0176595243701436,0.0192307692307692,0.0,0.0714780181744259,0.0102993683054105,0.0227272727272727,0.0,0.0199999999999999,0.3309380196797676,0,0
0.1059571462208617,0.173076923076923,0.25,0.1644379003812889,0.0789618236748144,0.0454545454545454,0.0,0.18,0.5042518650863791,0,1
0.0941841299740993,0.1153846153846154,0.0,0.0,0.0,0.0,0.0,0.12,0.503592646749062,0,1
0.3355309630327288,0.3846153846153846,0.5625,0.4333732570022073,0.3089810491623173,0.2954545454545454,0.0,0.39,0.5549479448948614,0,1
0.2060277843183422,0.2692307692307693,0.375,0.2259716285560445,0.1338917879703375,0.25,0.0,0.2799999999999999,0.5401926394766636,0,1
0.0706380974805744,0.0769230769230769,0.0625,0.1671300009889344,0.0343312276847019,0.1363636363636363,0.0,0.08,0.49733381253762,0,0
0.0412055568636684,0.0384615384615384,0.0,0.1231773380069661,0.0171656138423509,0.0681818181818181,0.0,0.04,0.4797771700350711,0,0
0.0117730162467624,0.0,0.0,0.0911468348588567,0.0102993683054105,0.0227272727272727,0.0,0.0,0.30931496055067864,1,0
0.2266305627501764,0.2115384615384615,0.15625,0.4739195886030731,0.1338917879703375,0.1818181818181818,0.25,0.22,0.56205074319601,1,1
0.1412761949611489,0.0384615384615384,0.0,0.2822310371729639,0.0858280692117548,0.2045454545454545,0.0,0.04,0.5009264009270459,0,1
0.3090416764775133,0.2115384615384615,0.15625,0.1793268649664306,0.144191156275748,0.6818181818181819,0.5,0.22,0.5247502080929077,0,1
0.014716270308453,0.0192307692307692,0.0,0.0370301185623082,0.0034331227684701,0.0227272727272727,0.0,0.0199999999999999,0.3309380196797676,0,0
0.0058865081233812,0.0,0.0,0.0292834617117363,0.0,0.0227272727272727,0.0,0.0,0.3309380196797676,0,0
0.014716270308453,0.0192307692307692,0.0,0.0763128111024424,0.0068662455369403,0.0454545454545454,0.0,0.0199999999999999,0.38422747521777667,0,0
0.1089004002825523,0.0576923076923076,0.0,0.2050941136396095,0.0858280692117548,0.1136363636363636,0.0,0.06,0.5004743731450264,1,1
0.170708735578055,0.173076923076923,0.25,0.0,0.0,0.0,0.0,0.18,0.5332443971801992,0,1
0.0794678596656462,0.0384615384615384,0.0,0.2436076345775593,0.0926943147486952,0.1590909090909091,0.0,0.04,0.5010045368578772,0,1
0.0618083352955026,0.0,0.0,0.285582427725339,0.0102993683054105,0.1590909090909091,0.0,0.0,0.6189438335860765,0,1
0.1295031787143865,0.0769230769230769,0.0,0.1613062731438236,0.0583630870639932,0.1590909090909091,0.375,0.08,0.5008534212225227,0,1
0.0264892865552154,0.0384615384615384,0.0,0.0562594086169194,0.0137324910738807,0.0227272727272727,0.0,0.04,0.3309380196797676,0,0
0.0206027784318342,0.0192307692307692,0.0,0.0885096750799386,0.0137324910738807,0.0,0.0,0.0199999999999999,0.31080532921205795,0,0
0.0029432540616906,0.0,0.0,0.0425791422637817,0.0034331227684701,0.0,0.0,0.0,0.33269677572622536,0,0
0.014716270308453,0.0,0.0,0.0623578406056675,0.0171656138423509,0.0,0.0,0.0,0.33269677572622536,0,0
0.0176595243701436,0.0192307692307692,0.0,0.0490621600536221,0.0068662455369403,0.0227272727272727,0.0,0.0199999999999999,0.3309380196797676,0,0
0.0264892865552154,0.0769230769230769,0.125,0.0618633731471203,0.0205987366108211,0.0227272727272727,0.0,0.08,0.3309380196797676,0,0
0.0500353190487402,0.0384615384615384,0.0,0.0503257991143537,0.0205987366108211,0.0681818181818181,0.0,0.04,0.5286511272695347,1,1
0.1030138921591711,0.0384615384615384,0.0,0.325689232696385,0.0926943147486952,0.1363636363636363,0.0,0.04,0.5008154110418421,0,1
0.0794678596656462,0.0,0.0,0.1382860659070177,0.0583630870639932,0.1136363636363636,0.0,0.0,0.5406840694569295,0,1
0.0088297621850718,0.0,0.0,0.1042776929247197,0.0068662455369403,0.0227272727272727,0.0,0.0,0.3068951148228869,1,0
0.2119142924417234,0.25,0.1875,0.0,0.0,0.0,0.0,0.26,0.5389616567124061,1,1
0.0206027784318342,0.0192307692307692,0.0,0.0523036689485422,0.0102993683054105,0.0227272727272727,0.0,0.0199999999999999,0.3309380196797676,0,0
0.697551212620673,0.7115384615384616,0.0,0.397881481644268,0.2883823125514961,0.9090909090909092,0.0,0.38,0.5023895180621549,0,1
0.0029432540616906,0.0,0.0,0.0,0.0,0.0,0.125,0.0,0.33269677572622536,0,0
0.1059571462208617,0.0769230769230769,0.0,0.3979913633017229,0.089261191980225,0.1818181818181818,0.25,0.08,0.5034564807363031,0,1
0.3796797739580878,0.0576923076923076,0.0,1.0,0.4772040648173567,0.25,0.0,0.06,0.5019882204308345,0,1
0.0529785731104308,0.0384615384615384,0.0,0.1437252079510363,0.0377643504531721,0.0909090909090909,0.0,0.04,0.4974149896175394,0,0
0.0353190487402872,0.0769230769230769,0.0,0.108727900051644,0.0308981049162317,0.0454545454545454,0.0,0.08,0.38824639432906033,0,0
0.073581351542265,0.0961538461538461,0.09375,0.1476809476194134,0.0652293326009336,0.0681818181818181,0.0,0.1,0.49977955434854787,0,0
0.044148810925359,0.0384615384615384,0.0,0.1490544683375999,0.0240318593792913,0.0227272727272727,0.0,0.04,0.3029578078150119,0,0
0.0500353190487402,0.0576923076923076,0.0,0.0901578999417624,0.0274649821477615,0.0909090909090909,0.0,0.06,0.5214422704435978,0,1
0.029432540616906,0.0384615384615384,0.0,0.0796642016548175,0.0137324910738807,0.0,0.0,0.04,0.3207779707109362,0,0
0.0559218271721214,0.0961538461538461,0.0,0.1388904150230198,0.0205987366108211,0.0909090909090909,0.0,0.1,0.4892955517454008,1,0
0.0176595243701436,0.0384615384615384,0.0625,0.0623578406056675,0.0102993683054105,0.0227272727272727,0.0,0.04,0.3309380196797676,0,0
0.029432540616906,0.1153846153846154,0.1875,0.0974100893337872,0.0308981049162317,0.0227272727272727,0.0,0.12,0.3305394778202515,0,0
0.0117730162467624,0.0,0.0,0.0743898820969813,0.0068662455369403,0.0,0.0,0.0,0.3277079418709826,0,0
0.4620908876854247,0.2307692307692307,0.3125,0.6112167195929966,0.4875034331227673,0.7272727272727273,0.125,0.24,0.5549479448948614,1,1
0.0470920649870496,0.0769230769230769,0.0,0.124715681211335,0.0343312276847019,0.0909090909090909,0.0,0.08,0.4933615863681207,0,0
0.0029432540616906,0.0,0.0,0.0521388464623598,0.0034331227684701,0.0,0.0,0.0,0.33269677572622536,0,0
0.3502472333411818,0.5384615384615384,0.625,0.4218906237981682,0.3467453996154894,0.2272727272727273,0.625,0.56,0.5549479448948614,1,1
0.0853543677890275,0.0576923076923076,0.0,0.0,0.0,0.0,0.0,0.04,0.5024778669465526,0,1
0.1765952437014362,0.0576923076923076,0.0,0.2292131374509646,0.1338917879703375,0.3181818181818182,0.0,0.06,0.501187288976235,0,1
0.0323757946785966,0.0,0.0,0.1542189062379812,0.0480637187585827,0.0681818181818181,0.0,0.0,0.5019986200841332,1,1
0.0058865081233812,0.0,0.0,0.0904326040853997,0.0102993683054105,0.0,0.0,0.0,0.31040866260820965,0,0
0.0676948434188838,0.1923076923076923,0.15625,0.1001571307701602,0.0652293326009336,0.0454545454545454,0.0,0.1999999999999999,0.490605245380897,0,0
0.170708735578055,0.0576923076923076,0.0625,0.2962409484984663,0.1373249107388077,0.2727272727272727,0.0,0.06,0.5005950794035307,1,1
0.2354603249352482,0.0576923076923076,0.0,0.1630643796631023,0.2403185937929134,0.0909090909090909,0.0,0.06,0.5364041789952022,0,1
0.0529785731104308,0.0192307692307692,0.0,0.1014757106596193,0.0274649821477615,0.0909090909090909,0.0,0.0199999999999999,0.5079238063016173,0,1
0.0470920649870496,0.0384615384615384,0.0,0.1384508883932001,0.0240318593792913,0.0909090909090909,0.0,0.04,0.4594932402318981,0,0
0.0470920649870496,0.0576923076923076,0.0,0.0802685507708196,0.0240318593792913,0.0454545454545454,0.0,0.06,0.3872878134708752,1,0
0.1471627030845301,0.1346153846153846,0.0,0.2177305042469254,0.17852238396045,0.0681818181818181,0.0,0.1399999999999999,0.5006972148842934,0,1
0.0470920649870496,0.0961538461538461,0.15625,0.0,0.0,0.0,0.0,0.1,0.3278463115528236,0,0
0.0706380974805744,0.0384615384615384,0.0,0.128176953421165,0.0343312276847019,0.0681818181818181,0.0,0.04,0.49750181922439823,0,0
0.0353190487402872,0.0961538461538461,0.15625,0.0,0.0,0.0,0.0,0.1,0.33142281248107336,0,0
0.029432540616906,0.0,0.0,0.0609293790587535,0.0205987366108211,0.0681818181818181,0.0,0.0,0.6249024668315811,0,1
0.414998822698375,0.4230769230769231,0.53125,0.1300449415978987,0.2712166987091452,0.6818181818181819,0.0,0.44,0.5041099150538737,0,1
0.0264892865552154,0.0,0.0,0.1796565099387954,0.0240318593792913,0.0227272727272727,0.0,0.0,0.30260893395410265,0,0
0.0559218271721214,0.0384615384615384,0.0625,0.1652620128122008,0.0480637187585827,0.0454545454545454,0.0,0.04,0.4982455962176896,0,0
0.1442194490228395,0.0384615384615384,0.0,0.2765721318140355,0.0961274375171654,0.25,0.125,0.04,0.5008288887016451,0,1
0.0794678596656462,0.0576923076923076,0.0,0.180810267342072,0.0514968415270528,0.1363636363636363,0.0,0.06,0.5006730139722713,0,1
0.6033670826465737,0.2884615384615385,0.0,0.308382871647235,0.3948091183740721,1.0,0.75,0.26,0.5023895180621549,0,1
0.0618083352955026,0.0384615384615384,0.0,0.2365202676717168,0.0377643504531721,0.0681818181818181,0.25,0.04,0.49888010769903934,0,0
0.0412055568636684,0.0192307692307692,0.0,0.1623501488896453,0.0308981049162317,0.0454545454545454,0.0,0.0199999999999999,0.3865555801765441,0,0
0.1324464327760771,0.0384615384615384,0.0,0.0876306218202992,0.0171656138423509,0.4772727272727273,0.0,0.04,0.623245377027018,1,1
0.1236166705910053,0.2115384615384615,0.125,0.1425165097190322,0.0789618236748144,0.1590909090909091,0.0,0.22,0.5666715613674576,1,1
0.0853543677890275,0.0384615384615384,0.0,0.1602074565692744,0.0514968415270528,0.1818181818181818,0.25,0.04,0.5047126249815156,0,1
0.0382623028019778,0.0384615384615384,0.0,0.0837298229806496,0.0171656138423509,0.0681818181818181,0.0,0.04,0.6527286496131866,0,1
0.014716270308453,0.0,0.0,0.1800410957398876,0.0171656138423509,0.0,0.0,0.0,0.3048084650377864,0,0
0.0206027784318342,0.0192307692307692,0.0,0.0536771896667287,0.0102993683054105,0.0,0.0,0.0199999999999999,0.33269677572622536,0,0
0.058865081233812,0.2692307692307693,0.375,0.0,0.0,0.0,0.0,0.2799999999999999,0.32963121821412705,0,0
0.0412055568636684,0.0769230769230769,0.0,0.0586218642522002,0.0205987366108211,0.0909090909090909,0.0,0.08,0.6296869924754482,0,1
0.058865081233812,0.0192307692307692,0.0,0.1963585218719433,0.0308981049162317,0.1363636363636363,0.0,0.0199999999999999,0.46465344854236285,1,0
0.1324464327760771,0.0384615384615384,0.0,0.168393640049666,0.072095578137874,0.0909090909090909,1.0,0.04,0.4999999999999998,1,0
0.2119142924417234,0.0769230769230769,0.0,0.3409078422538916,0.1304586652018673,0.1818181818181818,0.25,0.08,0.5016685001428803,1,1
0.2060277843183422,0.173076923076923,0.0,0.2331688771193417,0.0652293326009336,0.2954545454545454,0.0,0.1,0.5017748817091139,0,1
0.0058865081233812,0.0192307692307692,0.0,0.0593360950256572,0.0034331227684701,0.0,0.0,0.0199999999999999,0.33269677572622536,0,0
0.0206027784318342,0.0192307692307692,0.0,0.0656542903293151,0.0068662455369403,0.0454545454545454,0.0,0.0199999999999999,0.38422747521777667,0,0
0.073581351542265,0.0192307692307692,0.0,0.2487171316492131,0.0480637187585827,0.1136363636363636,0.0,0.0199999999999999,0.490723820918007,0,0
0.6180833529550267,0.2307692307692307,0.0,0.3484347357895536,0.3467453996154894,0.4318181818181818,0.0,0.18,0.5023895180621549,1,1
0.0412055568636684,0.0576923076923076,0.0,0.1358686694430095,0.0274649821477615,0.0227272727272727,0.0,0.06,0.3046730396607364,0,0
0.1765952437014362,0.1346153846153846,0.0,0.1021350006043488,0.0823949464432846,0.0227272727272727,0.0,0.1399999999999999,0.5497844031673133,0,1
0.014716270308453,0.0192307692307692,0.0,0.0562594086169194,0.0068662455369403,0.0227272727272727,0.0,0.0199999999999999,0.3309380196797676,0,0
0.1765952437014362,0.2115384615384615,0.34375,0.3865636709264111,0.1304586652018673,0.1818181818181818,0.25,0.22,0.5399978823852615,0,1
0.1000706380974805,0.1538461538461538,0.21875,0.1054863911567239,0.0583630870639932,0.0909090909090909,0.0,0.16,0.5003163756469245,0,1
0.0264892865552154,0.0,0.0,0.1031239355214431,0.0137324910738807,0.0227272727272727,0.0,0.0,0.3070826190389619,0,0
0.1589357193312925,0.1153846153846154,0.0,0.0,0.0,0.0,0.0,0.12,0.5008715618198322,1,1
0.058865081233812,0.0769230769230769,0.0,0.2152581669541897,0.0480637187585827,0.0909090909090909,0.0,0.08,0.49855666599595827,0,0
0.1618789733929831,0.2884615384615385,0.375,0.1694375157954877,0.1029936830541057,0.2045454545454545,0.0,0.3,0.5213845584080713,0,1
1.0,1.0000000000000002,0.0,0.5540233168877103,1.0,0.2727272727272727,0.0,1.0,0.5023895180621549,1,1
0.1618789733929831,0.0961538461538461,0.0,0.2547606228092337,0.0961274375171654,0.1136363636363636,0.0,0.1,0.5005423137976951,0,1
0.400282552389922,0.7307692307692307,1.0,0.3406880789389817,0.4154078549848933,0.2045454545454545,0.75,0.76,0.5549479448948614,0,1
0.24429008712032,0.0576923076923076,0.0,0.3577746766732219,0.089261191980225,0.2272727272727273,0.0,0.06,0.5019882204308345,0,1
0.044148810925359,0.0192307692307692,0.0,0.133671036293911,0.0171656138423509,0.1136363636363636,0.0,0.0199999999999999,0.4578631534714163,1,0
0.1059571462208617,0.1153846153846154,0.09375,0.1498785807685119,0.0652293326009336,0.1363636363636363,0.0,0.12,0.5007289255739685,0,1
0.0647515893571932,0.0576923076923076,0.0625,0.2111925456283576,0.0411974732216423,0.0454545454545454,0.0,0.06,0.4991514792319014,0,0
0.0559218271721214,0.173076923076923,0.28125,0.1072994385047301,0.0617962098324634,0.0454545454545454,0.0,0.18,0.4906735498745749,0,0
0.044148810925359,0.0192307692307692,0.0,0.2210818947993005,0.0343312276847019,0.0227272727272727,0.0,0.0199999999999999,0.3150454021453807,0,0
0.0529785731104308,0.0192307692307692,0.0,0.2161372202138291,0.0514968415270528,0.0681818181818181,0.0,0.0199999999999999,0.49040155976762,0,0
0.0794678596656462,0.0769230769230769,0.0625,0.0,0.0,0.0,0.0,0.08,0.49578081119357137,0,0
0.0794678596656462,0.0576923076923076,0.09375,0.2213565989429378,0.0514968415270528,0.0909090909090909,0.0,0.06,0.5001180764450891,0,1
0.0529785731104308,0.0192307692307692,0.0,0.0,0.0,0.0,0.0,0.0199999999999999,0.3281518527231453,1,0
0.1913115140098892,0.0769230769230769,0.0,0.0,0.0,0.0,0.0,0.08,0.5012529838443736,0,1
0.0647515893571932,0.0576923076923076,0.0,0.1619655630885531,0.0480637187585827,0.0681818181818181,0.0,0.06,0.4992467779439581,0,0
0.073581351542265,0.0769230769230769,0.125,0.143450503807399,0.0583630870639932,0.0454545454545454,0.0,0.08,0.4997242699264961,1,0
0.0117730162467624,0.0192307692307692,0.0,0.1335611546364561,0.0102993683054105,0.0454545454545454,0.0,0.0199999999999999,0.3824325800687229,0,0
0.0088297621850718,0.0192307692307692,0.0,0.0593360950256572,0.0034331227684701,0.0227272727272727,0.0,0.0199999999999999,0.3309380196797676,0,0
0.0264892865552154,0.0192307692307692,0.0,0.1849308294966316,0.0240318593792913,0.0,0.0,0.0199999999999999,0.302605594151301,0,0
1.0,1.0000000000000002,1.0,1.0,1.0,0.6136363636363636,0.125,1.0,0.5549479448948614,1,1
0.0235460324935248,0.0576923076923076,0.0,0.0864768644170226,0.0171656138423509,0.0227272727272727,0.0,0.06,0.31447467349109354,0,0
0.1795384977631268,0.25,0.0,0.1229575746920563,0.0823949464432846,0.1818181818181818,0.0,0.26,0.5434331851332562,0,1
0.0088297621850718,0.3076923076923077,0.375,0.0,0.0,0.0,0.0,0.32,0.33269677572622536,0,0
0.0529785731104308,0.0384615384615384,0.0,0.2021822497170541,0.0377643504531721,0.0909090909090909,0.0,0.04,0.4974149896175394,0,0
0.029432540616906,0.0192307692307692,0.0,0.1749315986682338,0.0274649821477615,0.0454545454545454,0.0,0.0199999999999999,0.3824325800687229,0,0
0.0323757946785966,0.0192307692307692,0.0,0.0837298229806496,0.0240318593792913,0.0227272727272727,0.0,0.0199999999999999,0.32827574884846883,1,0
0.2413468330586294,0.3461538461538462,0.21875,0.3009658597690279,0.1750892611919798,0.3636363636363636,0.0,0.36,0.5549479448948614,0,1
0.073581351542265,0.1346153846153846,0.0,0.0434581955234211,0.0343312276847019,0.0681818181818181,0.0,0.1399999999999999,0.49967257014857624,0,0
0.0117730162467624,0.0576923076923076,0.09375,0.0987836100519737,0.0102993683054105,0.0227272727272727,0.0,0.06,0.3078312260434511,0,0
0.0529785731104308,0.3076923076923077,0.34375,0.2777808300460396,0.2746498214776154,0.0227272727272727,0.0,0.32,0.5351511622558295,0,1
0.0529785731104308,0.0769230769230769,0.0,0.4102431681079466,0.0961274375171654,0.0681818181818181,0.0,0.08,0.5081860908107083,0,1
0.0647515893571932,0.0192307692307692,0.0,0.2482226641906659,0.0377643504531721,0.0681818181818181,0.0,0.0199999999999999,0.4905283245615705,0,0
0.0382623028019778,0.0384615384615384,0.0,0.1071346160185477,0.0274649821477615,0.0681818181818181,0.0,0.04,0.536322957848081,0,1
0.0264892865552154,0.0192307692307692,0.0,0.0590613908820198,0.0068662455369403,0.0454545454545454,0.0,0.0199999999999999,0.38422747521777667,0,0
0.0971273840357899,0.0384615384615384,0.0625,0.2548705044666886,0.0858280692117548,0.1818181818181818,0.0,0.04,0.5039874450258626,0,1
0.0117730162467624,0.0192307692307692,0.0,0.068621095080598,0.0102993683054105,0.0,0.0,0.0199999999999999,0.33269677572622536,0,0
0.0235460324935248,0.0,0.0,0.0425242014350543,0.0,0.0,0.0,0.0,0.33269677572622536,0,0
0.1530492112079113,0.0192307692307692,0.0,0.5090817189886477,0.072095578137874,0.2727272727272727,0.0,0.0199999999999999,0.5008747762753631,0,1
0.0117730162467624,0.0,0.0,0.1463074269012269,0.0068662455369403,0.0,0.0,0.0,0.3048084650377864,0,0
0.0794678596656462,0.0192307692307692,0.0,0.1791620424802482,0.0652293326009336,0.0454545454545454,0.0,0.0199999999999999,0.5021991149829271,0,1
0.029432540616906,0.0192307692307692,0.0,0.1654817761271106,0.0240318593792913,0.0454545454545454,0.0,0.0199999999999999,0.3824325800687229,0,0
0.1177301624676241,0.2884615384615385,0.375,0.2653092619249061,0.3055479263938471,0.0681818181818181,0.0,0.3,0.505782105535025,1,1
0.2825523899222979,0.4615384615384615,0.46875,0.5234762161152424,0.3124141719307875,0.2727272727272727,0.0,0.48,0.5549479448948614,1,1
0.0117730162467624,0.0,0.0,0.0662586394453172,0.0102993683054105,0.0227272727272727,0.0,0.0,0.3309380196797676,0,0
0.0029432540616906,0.0,0.0,0.0,0.0,0.0,0.0,0.0,0.33269677572622536,0,0
0.0,0.0,0.0,0.0540068346390935,0.0034331227684701,0.0,0.125,0.0,0.33269677572622536,0,0
0.0559218271721214,0.0,0.0,0.3045370136363128,0.0480637187585827,0.0681818181818181,0.375,0.0,0.49040412625842683,0,0
0.0323757946785966,0.0576923076923076,0.0625,0.0843891129253791,0.0137324910738807,0.0681818181818181,0.0,0.06,0.6600820802148426,0,1
0.0824111137273369,0.0961538461538461,0.0,0.1471315393321388,0.0377643504531721,0.0681818181818181,0.125,0.1,0.4999999999999998,0,0
0.0,0.0,0.0,0.0521388464623598,0.0034331227684701,0.0,0.0,0.0,0.33269677572622536,0,0
0.0176595243701436,0.0,0.0,0.213390178777456,0.0205987366108211,0.0227272727272727,0.0,0.0,0.3036645714959367,0,0
0.0206027784318342,0.0192307692307692,0.0,0.1064753260738181,0.0205987366108211,0.0227272727272727,0.0,0.0199999999999999,0.3065525186429808,0,0
0.0323757946785966,0.0,0.0,0.1054863911567239,0.0171656138423509,0.0909090909090909,0.0,0.0,0.5305567854672598,0,1
0.073581351542265,0.1346153846153846,0.21875,0.0923005922621334,0.0411974732216423,0.0681818181818181,0.0,0.1399999999999999,0.49967257014857624,0,0
0.556275017659524,0.673076923076923,0.0,0.5767138791521514,0.4188409777533635,0.8636363636363636,0.0,0.7,0.5023895180621549,1,1
0.0559218271721214,0.0192307692307692,0.0,0.1083433142505518,0.0240318593792913,0.0681818181818181,0.0,0.0199999999999999,0.4686958987231288,0,0
0.6651754179420764,0.0576923076923076,0.0,0.6934631401980048,0.3364460313100789,0.5909090909090909,0.25,0.06,0.5019882204308345,0,1
0.0912408759124087,0.1153846153846154,0.0,0.2726713329743858,0.0308981049162317,0.0681818181818181,0.125,0.12,0.5011681096414731,0,1
0.2707793736755355,0.173076923076923,0.15625,0.2488819541353954,0.1407580335072779,0.2727272727272727,0.0,0.18,0.5474980929838043,1,1
0.0323757946785966,0.0192307692307692,0.0,0.1612513323150962,0.0446305959901125,0.0454545454545454,0.0,0.0199999999999999,0.49042302620481065,0,0
0.1118436543442429,0.0576923076923076,0.0,0.0,0.0,0.0,0.0,0.06,0.5018416452232265,0,1
0.0706380974805744,0.0192307692307692,0.0,0.2679464217038242,0.0617962098324634,0.1136363636363636,0.0,0.0199999999999999,0.49084371182731235,0,0
0.0529785731104308,0.0384615384615384,0.0,0.092850000549408,0.0240318593792913,0.0681818181818181,0.0,0.04,0.5092995126629866,1,1
0.3267012008476569,0.5769230769230769,0.875,0.0,0.0,0.0,0.0,0.64,0.5414734614303316,0,1
0.2678361196138449,0.2692307692307693,0.40625,0.544188908545495,0.3261466630046682,0.2272727272727273,0.0,0.2799999999999999,0.5549479448948614,0,1
0.0117730162467624,0.0,0.0,0.0703792015998767,0.0068662455369403,0.0454545454545454,0.0,0.0,0.38422747521777667,0,0
0.0882976218507181,0.0192307692307692,0.0,0.2399265990528194,0.0446305959901125,0.1363636363636363,0.0,0.0199999999999999,0.5768975608587686,1,1
0.0412055568636684,0.0192307692307692,0.0,0.1758106519278731,0.0205987366108211,0.0681818181818181,0.0,0.0199999999999999,0.47305164436615543,0,0
0.2089710383800328,0.173076923076923,0.1875,0.1646576636961987,0.1476242790442183,0.1363636363636363,0.5,0.18,0.5070987403485193,1,1
0.014716270308453,0.0,0.0,0.1674047051325717,0.0068662455369403,0.0227272727272727,0.0,0.0,0.3036645714959367,0,0
0.073581351542265,0.0384615384615384,0.0,0.2470689067873892,0.0446305959901125,0.1136363636363636,0.0,0.04,0.49971884906858605,0,0
0.0382623028019778,0.0192307692307692,0.0,0.1664157702154774,0.0205987366108211,0.0681818181818181,0.0,0.0199999999999999,0.4695092686848045,0,0
0.0647515893571932,0.0,0.0,0.3924423396002494,0.0377643504531721,0.0681818181818181,0.0,0.0,0.4905283245615705,0,0
0.1648222274546738,0.1923076923076923,0.125,0.0829606513784651,0.0583630870639932,0.25,0.375,0.1999999999999999,0.5023179723849595,1,1
0.1206734165293147,0.0,0.0,0.6305009504763353,0.0961274375171654,0.1818181818181818,0.0,0.0,0.5020310108633154,0,1
0.1000706380974805,0.1346153846153846,0.125,0.0850484028701086,0.0480637187585827,0.1590909090909091,0.125,0.1399999999999999,0.5016666685441414,0,1
0.0647515893571932,0.0961538461538461,0.0,0.0,0.0,0.0,0.0,0.1,0.3495184956222318,1,0
0.2060277843183422,0.1346153846153846,0.09375,0.0,0.0,0.0,0.0,0.1399999999999999,0.5122106683314692,0,1
0.0765246056039556,0.0192307692307692,0.0,0.124715681211335,0.0240318593792913,0.0909090909090909,0.0,0.0199999999999999,0.459591896647769,0,0
0.044148810925359,0.0384615384615384,0.0,0.0858725153010205,0.0137324910738807,0.0,0.0,0.04,0.3281817676790425,0,0
0.1265599246526959,0.1346153846153846,0.0625,0.324975001922928,0.1064268058225759,0.0681818181818181,0.125,0.1399999999999999,0.5059729538231494,1,1
0.014716270308453,0.0384615384615384,0.0625,0.0454360653576097,0.0068662455369403,0.0227272727272727,0.0,0.04,0.3309380196797676,0,0
0.3119849305392039,0.3461538461538462,0.21875,0.1493291724812372,0.1922548750343308,0.2727272727272727,0.125,0.36,0.5041099150538737,0,1
0.0206027784318342,0.0,0.0,0.1710857406573115,0.0137324910738807,0.0454545454545454,0.0,0.0,0.3824325800687229,0,0
0.1883682599481986,0.0576923076923076,0.0,0.1955893502697589,0.1132930513595163,0.2045454545454545,0.25,0.06,0.5022547785278126,0,1
0.0618083352955026,0.0192307692307692,0.0,0.1870735218170025,0.0240318593792913,0.0909090909090909,0.0,0.0199999999999999,0.45836064759193695,0,0
0.170708735578055,0.0769230769230769,0.0,0.2782752975045867,0.1235924196649269,0.1818181818181818,0.125,0.08,0.5010534178506488,0,1
0.1736519896397456,0.3461538461538462,0.375,0.1640533145801966,0.1682230156550394,0.1136363636363636,0.125,0.36,0.5186302560372384,1,1
0.044148810925359,0.0192307692307692,0.0,0.0820266572900983,0.0205987366108211,0.0909090909090909,0.0,0.0199999999999999,0.6235947670819617,0,1
0.0500353190487402,0.0192307692307692,0.0,0.1616359181161884,0.0308981049162317,0.0909090909090909,0.0,0.0199999999999999,0.5098401854534811,0,1
0.0058865081233812,0.0,0.0,0.0714230773456984,0.0034331227684701,0.0,0.0,0.0,0.3314275001497898,0,0
0.1147869084059335,0.1153846153846154,0.15625,0.191908314745019,0.0995605602856355,0.0909090909090909,0.0,0.12,0.5033022015443123,0,1
0.0470920649870496,0.0384615384615384,0.0,0.2345423978375283,0.0377643504531721,0.1136363636363636,0.0,0.04,0.4908836337515311,1,0
0.1206734165293147,0.0961538461538461,0.0625,0.2998670431944786,0.1304586652018673,0.0454545454545454,0.125,0.1,0.5050321495028867,0,1
0.2501765952437013,1.0000000000000002,1.0,1.0,0.6454270804723962,0.1136363636363636,0.0,1.0,0.65090870575565,0,1
0.0235460324935248,0.0,0.0,0.1719098530882234,0.0102993683054105,0.0227272727272727,0.0,0.0,0.3036645714959367,0,0
0.0647515893571932,0.0576923076923076,0.0,0.0758732844726227,0.0308981049162317,0.0454545454545454,0.0,0.06,0.46338283486256315,0,0
0.0559218271721214,0.1346153846153846,0.1875,0.1243310954102428,0.0480637187585827,0.0681818181818181,0.5,0.1399999999999999,0.4980271426675536,0,0
0.1677654815163644,0.0,0.0,0.0795543199973626,0.1304586652018673,0.2954545454545454,0.0,0.0,0.6853364434589813,0,1
0.0382623028019778,0.0192307692307692,0.0,0.1594932257958174,0.0240318593792913,0.0681818181818181,0.0,0.0199999999999999,0.4740026739182516,0,0
0.1383329408994583,0.1153846153846154,0.0,0.1658114210994754,0.089261191980225,0.0681818181818181,0.0,0.12,0.5002063271106979,0,1
0.4267718389451375,0.1923076923076923,0.0,0.0,0.0,0.0,0.0,0.1999999999999999,0.5017259226203972,1,1
0.1942547680715798,0.0,0.0,1.0,0.1476242790442183,0.25,0.25,0.0,0.5014418075743048,1,1
0.0382623028019778,0.0192307692307692,0.0,0.141307811487028,0.0274649821477615,0.0909090909090909,0.0,0.0199999999999999,0.4943296103374299,0,0
0.1147869084059335,0.0576923076923076,0.0,0.2178953267331078,0.0823949464432846,0.25,0.0,0.06,0.5027549689383989,1,1
0.0971273840357899,0.0,0.0,0.3397540848506149,0.0583630870639932,0.1136363636363636,0.0,0.0,0.502625564845162,1,1
0.0088297621850718,0.0,0.0,0.0693902666827824,0.0034331227684701,0.0227272727272727,0.0,0.0,0.3309380196797676,0,0
0.0088297621850718,0.0,0.0,0.0836748821519221,0.0068662455369403,0.0227272727272727,0.0,0.0,0.3185509601848208,0,0
0.1059571462208617,0.0576923076923076,0.0,0.232234883030975,0.0652293326009336,0.0681818181818181,0.0,0.06,0.5001685147419164,0,1
0.0853543677890275,0.0576923076923076,0.0,0.1594932257958174,0.0514968415270528,0.0909090909090909,0.0,0.06,0.5002853340533729,0,1
0.214857546503414,0.1538461538461538,0.09375,0.230806421484061,0.1544905245811586,0.2272727272727273,0.0,0.16,0.5279225458484877,1,1
0.0765246056039556,0.1153846153846154,0.0,0.0699946157987845,0.0343312276847019,0.1136363636363636,0.0,0.12,0.49985754618040823,0,0
0.9536143159877556,0.7884615384615384,1.0,0.8587800938389331,0.7861851139796742,1.0,0.375,0.8200000000000001,0.5549479448948614,0,1
0.0765246056039556,0.1346153846153846,0.09375,0.1511971606579709,0.0789618236748144,0.0681818181818181,0.0,0.1399999999999999,0.49982114300932545,0,0
1.0,0.673076923076923,0.375,0.5559462458931714,0.9887393573194154,1.0,1.0,0.6,0.5549479448948614,0,1
0.5739345420296676,0.5384615384615384,0.53125,0.0,0.0,0.0,0.0,0.56,0.5414734614303316,1,1
0.0323757946785966,0.0,0.0,0.1754810069555084,0.0308981049162317,0.0681818181818181,0.0,0.0,0.561831687837074,0,1
0.229573816811867,0.0384615384615384,0.0,0.5450679618051343,0.1682230156550394,0.3409090909090909,0.0,0.04,0.5019790060475992,0,1
0.0882976218507181,0.0769230769230769,0.0,0.1623501488896453,0.0686624553694038,0.0454545454545454,0.0,0.08,0.5008910882226284,0,1
0.0794678596656462,0.0384615384615384,0.0,0.2774511850736749,0.0514968415270528,0.1363636363636363,0.0,0.04,0.5006730139722713,1,1
0.0,0.0,0.0,0.0,0.0,0.0,0.0,0.0,0.33269677572622536,0,0
0.0470920649870496,0.0384615384615384,0.0,0.0,0.0,0.0,0.0,0.04,0.3278463115528236,0,0
0.0117730162467624,0.0,0.0,0.1741624270660493,0.0171656138423509,0.0,0.0,0.0,0.3048084650377864,0,0
0.1648222274546738,0.2307692307692307,0.0,0.4112321030250408,0.0995605602856355,0.0681818181818181,0.0,0.24,0.5020391805333457,0,1
0.014716270308453,0.0384615384615384,0.0,0.0760381069588051,0.0034331227684701,0.0227272727272727,0.0,0.04,0.32901464820849063,0,0
0.0235460324935248,0.0192307692307692,0.0,0.0548309470700054,0.0102993683054105,0.0909090909090909,0.0,0.0199999999999999,0.623839995418239,0,1
0.0794678596656462,0.0769230769230769,0.09375,0.0695550891689648,0.0446305959901125,0.1136363636363636,0.0,0.08,0.5004295414513606,0,1
0.0470920649870496,0.1923076923076923,0.0,0.2065775160152509,0.0789618236748144,0.0227272727272727,0.0,0.1999999999999999,0.4997204301732203,1,0
0.073581351542265,0.0769230769230769,0.0,0.2077862142472551,0.0308981049162317,0.1136363636363636,0.0,0.08,0.4986864185262695,0,0
0.185425005886508,0.0,0.0,1.0,0.3295797857731384,0.0454545454545454,0.0,0.0,0.5037899585691078,0,1
0.0058865081233812,0.0192307692307692,0.0,0.0551605920423702,0.0068662455369403,0.0,0.0,0.0199999999999999,0.33269677572622536,0,0
0.014716270308453,0.0192307692307692,0.0,0.068621095080598,0.0034331227684701,0.0454545454545454,0.0,0.0199999999999999,0.38422747521777667,0,0
0.0794678596656462,0.1923076923076923,0.3125,0.2039403562363329,0.0652293326009336,0.0454545454545454,0.125,0.1999999999999999,0.5531881220853443,0,1
0.1118436543442429,0.0961538461538461,0.0,0.1686134033645758,0.0308981049162317,0.0681818181818181,0.0,0.1,0.500388792556649,0,1
0.0323757946785966,0.0384615384615384,0.0625,0.0653246453569503,0.0102993683054105,0.0909090909090909,0.0,0.04,0.6748850802785015,0,1
0.3590769955262536,0.1538461538461538,0.0,0.2882745283329845,0.2403185937929134,0.3863636363636363,0.0,0.16,0.5014572867532399,1,1
0.058865081233812,0.0769230769230769,0.0,0.2020723680595992,0.0583630870639932,0.0227272727272727,0.0,0.08,0.5015470614700454,0,1
0.0,0.0,0.0,0.0339534321535705,0.0034331227684701,0.0,0.0,0.0,0.33269677572622536,0,0
0.0353190487402872,0.0192307692307692,0.0,0.1900952673970128,0.0308981049162317,0.0,0.0,0.0199999999999999,0.30858268188478827,0,0
0.0559218271721214,0.0,0.0,0.2512444097706762,0.0583630870639932,0.0909090909090909,0.0,0.0,0.4904846628199902,0,0
0.0176595243701436,0.0384615384615384,0.0,0.0,0.0,0.0,0.0,0.04,0.33269677572622536,0,0
0.1559924652696019,0.3653846153846154,0.5625,0.2575076642456067,0.1338917879703375,0.2045454545454545,0.0,0.38,0.5340464528545743,0,1
0.0676948434188838,0.0,0.0,0.2531673387761374,0.0652293326009336,0.1363636363636363,0.0,0.0,0.49081616624863833,0,0
0.2590063574287731,0.2307692307692307,0.1875,0.3023393804872144,0.2197198571820923,0.0681818181818181,0.0,0.24,0.6920703713234378,0,1
0.0323757946785966,0.0576923076923076,0.0,0.1604272198841842,0.0102993683054105,0.0454545454545454,0.0,0.06,0.38219910210213953,0,0
0.0353190487402872,0.0576923076923076,0.0625,0.0902128407704899,0.0205987366108211,0.0454545454545454,0.0,0.06,0.38422747521777667,0,0
0.073581351542265,0.0769230769230769,0.0,0.1824035513751684,0.0652293326009336,0.0454545454545454,0.25,0.08,0.4997242699264961,1,0
0.1177301624676241,0.1346153846153846,0.21875,0.2199830782247513,0.0995605602856355,0.1136363636363636,0.125,0.1399999999999999,0.5049667595639733,0,1
0.0412055568636684,0.0384615384615384,0.0,0.1222433439185993,0.0205987366108211,0.0681818181818181,0.0,0.04,0.48213187787653305,0,0
0.0029432540616906,0.0,0.0,0.0957618644719634,0.0034331227684701,0.0,0.0,0.0,0.3093745434174061,0,0
0.014716270308453,0.0192307692307692,0.0,0.067796982649686,0.0068662455369403,0.0681818181818181,0.0,0.0199999999999999,0.6248358584048203,0,1
0.0618083352955026,0.0769230769230769,0.0,0.0,0.0,0.0,0.0,0.08,0.33076781369257413,0,0
0.0912408759124087,0.0384615384615384,0.0,0.0,0.0,0.0,0.0,0.04,0.5041098143801209,1,1
0.1883682599481986,0.0576923076923076,0.0,0.0,0.0,0.0,0.0,0.06,0.5024285415199968,1,1
0.0117730162467624,0.0192307692307692,0.0,0.0848286395551988,0.0102993683054105,0.0227272727272727,0.0,0.0199999999999999,0.3168885743700773,0,0
0.0058865081233812,0.0,0.0,0.0741701187820715,0.0034331227684701,0.0227272727272727,0.125,0.0,0.3309380196797676,0,0
0.1559924652696019,0.1153846153846154,0.1875,0.1761952377289654,0.1167261741279865,0.2045454545454545,0.0,0.12,0.5236869992306583,0,1
0.0206027784318342,0.0192307692307692,0.0,0.0858725153010205,0.0102993683054105,0.0,0.0,0.0199999999999999,0.3120714875642586,0,0
0.1618789733929831,0.0576923076923076,0.0,0.3202500906523665,0.17852238396045,0.1818181818181818,0.0,0.06,0.5009864112138058,0,1
0.0029432540616906,0.0,0.0,0.0,0.0,0.0454545454545454,0.0,0.0,0.38422747521777667,0,0
0.1059571462208617,0.0961538461538461,0.0,0.2517388772292234,0.1270255424333971,0.0,0.0,0.06,0.68016327215728,0,1
0.0529785731104308,0.0192307692307692,0.0,0.1543837287241636,0.0308981049162317,0.0681818181818181,0.0,0.0199999999999999,0.49804842798882026,1,0
0.1736519896397456,0.0961538461538461,0.0,0.2955816585537367,0.1270255424333971,0.1590909090909091,0.125,0.1,0.5009890962038502,0,1
0.0088297621850718,0.0,0.0,0.1674047051325717,0.0068662455369403,0.0,0.0,0.0,0.3048084650377864,0,0
0.0529785731104308,0.0384615384615384,0.0,0.1044974562396296,0.0171656138423509,0.0909090909090909,0.0,0.04,0.49887202242058803,0,0
0.0618083352955026,0.2307692307692307,0.375,0.1948201786675744,0.0583630870639932,0.0909090909090909,0.0,0.24,0.4905800123734676,0,0
0.029432540616906,0.0576923076923076,0.0625,0.0,0.0,0.0,0.0,0.06,0.33269677572622536,0,0
0.2590063574287731,0.3076923076923077,0.4375,0.0,0.0,0.0,0.0,0.3,0.5414734614303316,0,1
0.0412055568636684,0.0192307692307692,0.0,0.1197710066258636,0.0240318593792913,0.0909090909090909,0.0,0.0199999999999999,0.48527598936410143,1,0
0.0559218271721214,0.1346153846153846,0.15625,0.0723021306053378,0.0480637187585827,0.0681818181818181,0.0,0.1399999999999999,0.4980271426675536,0,0
0.4091123145749938,0.2692307692307693,0.0,0.2712428714274718,0.3021148036253769,0.1590909090909091,0.0,0.2799999999999999,0.5031228829815589,0,1
0.0500353190487402,0.0192307692307692,0.0,0.1062555627589083,0.0274649821477615,0.0909090909090909,0.0,0.0199999999999999,0.5007827799203781,0,1
0.200141276194961,0.173076923076923,0.0,0.1669102376740246,0.1407580335072779,0.2272727272727273,0.0,0.18,0.5057725375510096,0,1
0.0206027784318342,0.0192307692307692,0.0,0.0968606810465126,0.0102993683054105,0.0227272727272727,0.125,0.0199999999999999,0.30818528140644386,0,0
0.029432540616906,0.0,0.0,0.1805905040271622,0.0308981049162317,0.0454545454545454,0.0,0.0,0.3865555801765441,0,0
0.0559218271721214,0.0,0.0,0.0,0.0,0.0,0.0,0.0,0.3287536156045138,0,0
0.2060277843183422,0.1153846153846154,0.0,0.2010834331425049,0.0995605602856355,0.2272727272727273,0.0,0.07,0.5023665944541241,1,1
0.0058865081233812,0.0192307692307692,0.0,0.1165294977309434,0.0068662455369403,0.0227272727272727,0.0,0.0199999999999999,0.30522145750045393,0,0
0.0676948434188838,0.2115384615384615,0.0,0.0445570120979703,0.0961274375171654,0.2272727272727273,0.0,0.22,0.7544137014262939,0,1
1.0,0.7115384615384616,0.5,0.0,0.0,0.0,0.0,0.74,0.5414734614303316,1,1
0.1353896868377677,0.0769230769230769,0.125,0.0,0.0,0.0,0.0,0.08,0.5018353722318466,1,1
0.1177301624676241,0.1153846153846154,0.0,0.2395969540804546,0.0617962098324634,0.1363636363636363,0.0,0.12,0.5005393667920645,0,1
0.0,0.0,0.0,0.0329095564077487,0.0034331227684701,0.0,0.0,0.0,0.33269677572622536,1,0
0.029432540616906,0.0192307692307692,0.0,0.076257870273715,0.0137324910738807,0.0681818181818181,0.0,0.0199999999999999,0.6248358584048203,1,1
0.0088297621850718,0.0,0.0,0.0791697341962704,0.0068662455369403,0.0227272727272727,0.0,0.0,0.3248350661030697,0,0
0.0706380974805744,0.0961538461538461,0.0625,0.2787697649631339,0.0308981049162317,0.0681818181818181,0.0,0.1,0.4996519203888586,0,0
0.5003531904874026,0.3461538461538462,0.3125,0.3233817178898317,0.4394397143641846,0.7272727272727273,0.125,0.36,0.5549479448948614,0,1
0.0264892865552154,0.0192307692307692,0.0,0.1478457701055958,0.0102993683054105,0.0,0.0,0.0199999999999999,0.3048084650377864,0,0
0.0353190487402872,0.0384615384615384,0.0,0.0960365686156007,0.0171656138423509,0.0681818181818181,0.0,0.04,0.589991318053864,1,1
0.2413468330586294,1.0000000000000002,1.0,0.3899150614787862,0.2300192254875029,0.0454545454545454,0.0,1.0,0.6920703713234378,1,1
0.1265599246526959,0.0961538461538461,0.0,0.0765875152460797,0.0652293326009336,0.25,0.0,0.1,0.6077052555352247,0,1
0.0176595243701436,0.0192307692307692,0.0,0.1692726933093054,0.0171656138423509,0.0227272727272727,0.0,0.0199999999999999,0.3036645714959367,0,0
0.0618083352955026,0.0192307692307692,0.0,0.0792796158537253,0.0137324910738807,0.0909090909090909,0.0,0.0199999999999999,0.6187981695605025,0,1
0.0206027784318342,0.0192307692307692,0.0,0.1276824859626179,0.0171656138423509,0.0227272727272727,0.0,0.0199999999999999,0.3042146567171182,0,0
0.0971273840357899,0.0769230769230769,0.09375,0.1549331370114382,0.072095578137874,0.1136363636363636,0.0,0.08,0.5004591323566389,0,1
0.0088297621850718,0.0,0.0,0.1227378113771464,0.0102993683054105,0.0227272727272727,0.0,0.0,0.30459881640213604,0,0
0.0794678596656462,0.0961538461538461,0.0,0.153120089663432,0.054929964295523,0.0227272727272727,0.0,0.1,0.5123936910739328,0,1
0.0618083352955026,0.0384615384615384,0.0,0.1969079301592179,0.0446305959901125,0.0909090909090909,0.5,0.04,0.49888010769903934,0,0
0.1589357193312925,0.1923076923076923,0.15625,0.196798048501763,0.1476242790442183,0.0454545454545454,0.0,0.1999999999999999,0.5678579816736419,1,1
0.1206734165293147,0.1923076923076923,0.0,0.3027239662883066,0.1235924196649269,0.25,0.0,0.1999999999999999,0.5018561761906856,1,1
0.0529785731104308,0.0576923076923076,0.0,0.1497137582823295,0.0446305959901125,0.0909090909090909,0.0,0.06,0.4974149896175394,0,0
0.2030845302566516,0.0384615384615384,0.0,0.2485523091630307,0.0652293326009336,0.1136363636363636,0.0,0.04,0.5032108756792225,0,1
0.014716270308453,0.0192307692307692,0.0,0.076257870273715,0.0068662455369403,0.0,0.0,0.0199999999999999,0.32530057796643363,0,0
0.1295031787143865,0.0384615384615384,0.0625,0.0,0.0,0.0,0.0,0.04,0.5022120312133963,0,1
0.0176595243701436,0.0576923076923076,0.09375,0.0834551188370123,0.0137324910738807,0.0,0.0,0.06,0.3155347261007211,0,0
0.0971273840357899,0.1153846153846154,0.0,0.1336160954651836,0.0686624553694038,0.0909090909090909,0.0,0.09,0.5004305096083351,0,1
0.0941841299740993,0.0769230769230769,0.125,0.0,0.0,0.0,0.0,0.08,0.5025185619233538,0,1
0.014716270308453,0.0,0.0,0.0227455030931685,0.0068662455369403,0.0227272727272727,0.0,0.0,0.3309380196797676,1,0
0.1236166705910053,0.173076923076923,0.25,0.35348929203248,0.0823949464432846,0.0909090909090909,0.0,0.18,0.5121242792796687,0,1
0.0500353190487402,0.0576923076923076,0.0,0.1969628709879454,0.0102993683054105,0.0681818181818181,0.0,0.06,0.47726787535844745,0,0
0.4091123145749938,0.826923076923077,0.0,0.5257287900930683,0.3021148036253769,0.0,0.0,0.44,0.5763261965895321,0,1
0.0676948434188838,0.0,0.0,0.1974023976177651,0.0240318593792913,0.0681818181818181,0.0,0.0,0.45878157397245917,0,0
0.24429008712032,0.2884615384615385,0.375,0.0,0.0,0.0,0.0,0.3,0.5414734614303316,0,1
0.029432540616906,0.0769230769230769,0.125,0.0811476040304589,0.0274649821477615,0.0227272727272727,0.0,0.08,0.3280738954482915,0,0
0.0647515893571932,0.0961538461538461,0.15625,0.1086180183941891,0.0240318593792913,0.0909090909090909,0.125,0.1,0.49577751082560667,0,0
0.0470920649870496,0.0384615384615384,0.0,0.1554825452987128,0.0652293326009336,0.0681818181818181,0.0,0.04,0.4908038718093018,0,0
0.1559924652696019,0.25,0.34375,0.1611414506576412,0.0995605602856355,0.1136363636363636,0.0,0.26,0.5175259636879045,0,1
0.1236166705910053,0.1346153846153846,0.15625,0.2673970134165496,0.0583630870639932,0.1136363636363636,0.0,0.1399999999999999,0.503067873690361,0,1
0.1736519896397456,0.0576923076923076,0.0,0.3676640258441648,0.1304586652018673,0.1136363636363636,0.0,0.06,0.5012581191306913,0,1
0.6151400988933361,0.0,0.0,1.0,0.9715737434770644,0.9545454545454546,0.0,0.0,0.5019912629857829,0,1
0.0323757946785966,0.0192307692307692,0.0,0.1558121902710776,0.0171656138423509,0.0454545454545454,0.0,0.0199999999999999,0.3824325800687229,1,0
0.0206027784318342,0.0192307692307692,0.0,0.0871361543617521,0.0068662455369403,0.0227272727272727,0.0,0.0199999999999999,0.313496470016502,0,0
0.4532611255003529,0.2115384615384615,0.15625,0.3606865405957773,0.2437517165613836,0.4318181818181818,0.125,0.22,0.5549479448948614,0,1
0.073581351542265,0.0576923076923076,0.0,0.0944982254112318,0.0343312276847019,0.1136363636363636,0.0,0.06,0.4986864185262695,0,0
0.0618083352955026,0.1538461538461538,0.21875,0.1349346753546426,0.0617962098324634,0.0454545454545454,0.125,0.16,0.4982212026654884,0,0
0.1177301624676241,0.2307692307692307,0.375,0.0,0.0,0.0,0.0,0.24,0.5257001138653111,1,1
0.1206734165293147,0.0576923076923076,0.0,0.1581197050776309,0.072095578137874,0.1136363636363636,0.0,0.06,0.5001590164182169,0,1
0.1471627030845301,0.1153846153846154,0.09375,0.2799235223664106,0.1304586652018673,0.0909090909090909,0.0,0.12,0.5140761153937666,0,1
0.0353190487402872,0.0384615384615384,0.0625,0.094278462096322,0.0240318593792913,0.0454545454545454,0.0,0.04,0.38422747521777667,1,0
0.1206734165293147,0.0384615384615384,0.0,0.1777885217620617,0.0411974732216423,0.3636363636363636,0.0,0.04,0.5021116093162882,0,1
0.0912408759124087,0.0,0.0,0.0980144384497893,0.0274649821477615,0.2272727272727273,0.0,0.0,0.7327235654637536,0,1
0.0029432540616906,0.0,0.0,0.0757634028151678,0.0034331227684701,0.0,0.0,0.0,0.3259429845562116,0,0
0.1765952437014362,0.2115384615384615,0.125,0.3503576647950148,0.1167261741279865,0.0681818181818181,0.0,0.22,0.6288781098188113,0,1
0.0824111137273369,0.1538461538461538,0.0,0.1729537288340452,0.0274649821477615,0.1818181818181818,0.0,0.09,0.5039105559778015,1,1
0.2413468330586294,0.1346153846153846,0.15625,0.1327370422055442,0.0789618236748144,0.6136363636363636,0.125,0.1399999999999999,0.5171591691335645,0,1
0.4356016011302093,0.2692307692307693,0.15625,0.3848055644071325,0.2815160670145558,0.4318181818181818,0.0,0.2799999999999999,0.5549479448948614,1,1
0.3355309630327288,0.25,0.09375,0.5013350621380759,0.3192804174677279,0.1363636363636363,0.0,0.26,0.5477820703097812,1,1
0.1795384977631268,0.1153846153846154,0.09375,0.1312536398299028,0.1304586652018673,0.3181818181818182,0.0,0.12,0.5040229980321319,0,1
0.0264892865552154,0.0769230769230769,0.0,0.0530728405507267,0.0205987366108211,0.0227272727272727,0.0,0.08,0.3309380196797676,0,0
0.0353190487402872,0.0384615384615384,0.0,0.1120243497752917,0.0240318593792913,0.0227272727272727,0.0,0.04,0.30494269416708947,0,0
0.0912408759124087,0.0769230769230769,0.0,0.1487248233652352,0.0377643504531721,0.1136363636363636,0.0,0.08,0.5005427638603206,1,1
0.0264892865552154,0.0192307692307692,0.0,0.1501532849121492,0.0171656138423509,0.0,0.0,0.0199999999999999,0.3048084650377864,0,0
0.0,0.0,0.0,0.1589987583372703,0.0068662455369403,0.0,0.0,0.0,0.3048084650377864,0,0
0.0176595243701436,0.0,0.0,0.2123463030316343,0.0205987366108211,0.0227272727272727,0.0,0.0,0.3036645714959367,0,0
0.0029432540616906,0.0,0.0,0.0521388464623598,0.0034331227684701,0.0227272727272727,0.0,0.0,0.3309380196797676,0,0
0.0323757946785966,0.0192307692307692,0.0,0.1308141132000831,0.0102993683054105,0.0454545454545454,0.0,0.0199999999999999,0.38249634871996613,0,0
0.0323757946785966,0.0384615384615384,0.0,0.0895535508257604,0.0137324910738807,0.0,0.0,0.04,0.31058851081777733,0,0
0.0765246056039556,0.173076923076923,0.1875,0.1304295273989909,0.0583630870639932,0.0909090909090909,0.0,0.18,0.4995720193148239,0,0
0.1147869084059335,0.0769230769230769,0.0,0.0,0.0,0.0,0.0,0.08,0.501764635396412,0,1
0.0382623028019778,0.0192307692307692,0.0,0.0912567165163116,0.0205987366108211,0.0909090909090909,0.0,0.04,0.5955115141924268,1,1
0.1942547680715798,0.173076923076923,0.0,0.0,0.0,0.0,0.0,0.18,0.5012876438598316,1,1
0.3237579467859663,0.0,0.0,0.7307679629039503,0.2300192254875029,0.4772727272727273,0.0,0.0,0.5019912629857829,0,1
0.1295031787143865,0.0961538461538461,0.0,0.1350445570120975,0.0583630870639932,0.0681818181818181,0.0,0.1,0.4999999999999998,0,0
0.1030138921591711,0.0576923076923076,0.0,0.2251475161251325,0.0652293326009336,0.0454545454545454,0.0,0.06,0.5006453810554814,0,1
0.0559218271721214,0.0576923076923076,0.0,0.2154779302690995,0.0446305959901125,0.0909090909090909,0.0,0.06,0.49805939947219935,0,0
0.073581351542265,0.0384615384615384,0.0,0.1421868647466674,0.0411974732216423,0.1363636363636363,0.0,0.04,0.49969975605772904,0,0
0.0058865081233812,0.0,0.0,0.0653246453569503,0.0068662455369403,0.0,0.0,0.0,0.33269677572622536,0,0
0.2030845302566516,0.1538461538461538,0.0625,0.1943257112090273,0.1853886294973904,0.2954545454545454,0.0,0.16,0.5088397487892088,0,1
0.0559218271721214,0.0192307692307692,0.0,0.200259320711593,0.0446305959901125,0.0681818181818181,0.0,0.0199999999999999,0.49040928059103706,1,0
0.0029432540616906,0.0,0.0,0.0593360950256572,0.0034331227684701,0.0,0.0,0.0,0.33269677572622536,0,0
0.2384035789969388,0.0384615384615384,0.0,0.4628764820288536,0.2300192254875029,0.4545454545454546,0.0,0.04,0.5019912629857829,0,1
0.0647515893571932,0.0961538461538461,0.0,0.1221334622611444,0.0446305959901125,0.0681818181818181,0.0,0.1,0.4992467779439581,0,0
0.058865081233812,0.2115384615384615,0.3125,0.2386629599920878,0.0617962098324634,0.0454545454545454,0.0,0.22,0.49056487561428175,0,0
0.0824111137273369,0.0576923076923076,0.0625,0.1722944388893157,0.054929964295523,0.0909090909090909,0.0,0.06,0.5002163352986385,0,1
0.0412055568636684,0.0384615384615384,0.0,0.0840045271242869,0.0205987366108211,0.0227272727272727,0.0,0.04,0.3255963920783945,0,0
0.0618083352955026,0.0384615384615384,0.0,0.0749942312129834,0.0171656138423509,0.0909090909090909,0.0,0.04,0.5064672684245312,0,1
0.1971980221332704,0.25,0.3125,0.1714153856296763,0.1510574018126884,0.1363636363636363,0.0,0.26,0.522059425736028,1,1
0.1059571462208617,0.2115384615384615,0.34375,0.2561890843561477,0.0926943147486952,0.0454545454545454,0.0,0.22,0.5029461112525481,0,1
0.3090416764775133,0.3653846153846154,0.0,0.3299746173371269,0.2231529799505625,0.1363636363636363,0.0,0.38,0.5041042019170859,0,1
0.1147869084059335,0.2115384615384615,0.21875,0.2170162734734684,0.1029936830541057,0.0909090909090909,0.25,0.22,0.5405591281203294,0,1
0.0559218271721214,0.2884615384615385,0.34375,0.1230674563495112,0.1132930513595163,0.0909090909090909,0.0,0.3,0.5986565064898316,0,1
0.0559218271721214,0.0192307692307692,0.0,0.1841067170657196,0.0274649821477615,0.0909090909090909,0.0,0.0199999999999999,0.45804182185169423,1,0
0.029432540616906,0.0384615384615384,0.0,0.0712582548595161,0.0171656138423509,0.0454545454545454,0.0,0.04,0.38422747521777667,0,0
0.0323757946785966,0.0384615384615384,0.0,0.1279022492775277,0.0274649821477615,0.0454545454545454,0.0,0.04,0.3826419085867932,0,0
0.1383329408994583,0.2115384615384615,0.28125,0.0,0.0,0.0,0.0,0.22,0.5286608234942012,0,1
0.029432540616906,0.0576923076923076,0.0625,0.1092773083389186,0.0240318593792913,0.0454545454545454,0.0,0.06,0.38422747521777667,0,0
0.2325170708735576,0.1923076923076923,0.28125,0.0,0.0,0.0,0.0,0.1999999999999999,0.537432358444565,1,1
0.0765246056039556,0.0,0.0,0.5513861571087922,0.2403185937929134,0.1136363636363636,0.0,0.0,0.5013037084684975,0,1
0.0647515893571932,0.0576923076923076,0.09375,0.1270781368466158,0.0446305959901125,0.1136363636363636,0.0,0.06,0.4992467779439581,0,0
0.1530492112079113,0.0769230769230769,0.0,0.390849055567153,0.1647898928865692,0.2045454545454545,0.0,0.08,0.5008041899573171,1,1
0.668118672003767,0.4038461538461539,0.0625,0.4868306833540263,0.3845097500686616,0.4772727272727273,0.0,0.42,0.503965461278091,1,1
0.0912408759124087,0.0,0.0,0.3418418363422584,0.0858280692117548,0.1818181818181818,0.0,0.0,0.5170129001379502,1,1
0.2501765952437013,0.1346153846153846,0.09375,0.3300844989945818,0.1579236473496288,0.25,0.0,0.1399999999999999,0.5197635246030441,1,1
0.0559218271721214,0.0769230769230769,0.0,0.1075741426483674,0.0377643504531721,0.0909090909090909,0.0,0.08,0.49805939947219935,0,0
0.0824111137273369,0.0576923076923076,0.0,0.0988934917094286,0.0343312276847019,0.0909090909090909,0.0,0.06,0.5003738841542824,0,1
0.0353190487402872,0.0961538461538461,0.0625,0.0913665981737665,0.0343312276847019,0.0227272727272727,0.0,0.1,0.3352271326093988,0,0
0.1000706380974805,0.1538461538461538,0.1875,0.1608118056852765,0.0755287009063442,0.0909090909090909,0.0,0.16,0.5008816539645005,0,1
0.1265599246526959,0.0576923076923076,0.0625,0.1470765985034114,0.0446305959901125,0.0909090909090909,0.25,0.06,0.49999999999999967,0,0
0.1618789733929831,0.0576923076923076,0.0,0.0,0.0,0.0,0.0,0.06,0.501701817975526,0,1
0.0235460324935248,0.0192307692307692,0.0,0.0879053259639365,0.0102993683054105,0.0454545454545454,0.0,0.0199999999999999,0.38422747521777667,0,0
0.2119142924417234,0.2307692307692307,0.1875,0.1727339655191354,0.1682230156550394,0.3181818181818182,0.0,0.24,0.5225087443741298,1,1
0.2060277843183422,0.2115384615384615,0.0,0.0,0.0,0.0,0.0,0.22,0.5014295876198512,0,1
0.0676948434188838,0.0576923076923076,0.0625,0.0943334029250494,0.0205987366108211,0.1136363636363636,0.0,0.06,0.49719472029643563,0,0
0.200141276194961,0.0,0.0,0.6497302405309463,0.161356770118099,0.2272727272727273,1.0,0.0,0.5015282086250485,0,1
0.4768071579938777,0.6538461538461539,0.25,0.6295669563879683,0.429140346058774,0.3409090909090909,0.0,0.68,0.5549479448948614,0,1
0.0794678596656462,0.0961538461538461,0.09375,0.1386706517081099,0.0514968415270528,0.0909090909090909,0.0,0.1,0.5001340364646141,0,1
0.0029432540616906,0.0,0.0,0.0876306218202992,0.0034331227684701,0.0,0.0,0.0,0.3109907019239384,0,0
0.0559218271721214,0.0192307692307692,0.0,0.1596580482819998,0.0446305959901125,0.1136363636363636,0.0,0.0199999999999999,0.49040928059103706,1,0
0.0058865081233812,0.0192307692307692,0.0,0.0427439647499641,0.0068662455369403,0.0,0.0,0.0199999999999999,0.33269677572622536,0,0
0.0706380974805744,0.0192307692307692,0.0,0.3279418066742109,0.0514968415270528,0.0909090909090909,0.0,0.0199999999999999,0.4906897795584771,0,0
0.0382623028019778,0.0192307692307692,0.0,0.1569659476743542,0.0137324910738807,0.0454545454545454,0.0,0.0199999999999999,0.3824325800687229,0,0
0.0323757946785966,0.0576923076923076,0.09375,0.1301548232553536,0.0137324910738807,0.0,0.0,0.06,0.30519276701120385,0,0
0.0088297621850718,0.0,0.0,0.1413627523157555,0.0068662455369403,0.0,0.0,0.0,0.30482232893649713,0,0
0.5945373204615019,0.2884615384615385,0.28125,0.6024811278253304,0.4154078549848933,1.0,0.0,0.3,0.5549479448948614,0,1
0.0529785731104308,0.0769230769230769,0.09375,0.1164196160734885,0.0446305959901125,0.0454545454545454,0.0,0.08,0.4980301260831467,0,0
0.1089004002825523,0.1153846153846154,0.0,0.232839232146977,0.0926943147486952,0.0909090909090909,0.0,0.12,0.5006221360293945,1,1
0.1971980221332704,0.0384615384615384,0.0,0.1479007109343233,0.0411974732216423,0.5909090909090909,1.0,0.04,0.5449719149646678,1,1
0.0235460324935248,0.0769230769230769,0.125,0.0593360950256572,0.0171656138423509,0.0,0.0,0.08,0.33269677572622536,1,0
0.0618083352955026,0.1538461538461538,0.15625,0.078895030052633,0.0480637187585827,0.0454545454545454,0.0,0.16,0.4982212026654884,0,0
0.0029432540616906,0.0,0.0,0.0370301185623082,0.0034331227684701,0.0,0.0,0.0,0.33269677572622536,0,0
0.1059571462208617,0.0769230769230769,0.09375,0.4576571032997448,0.1304586652018673,0.0681818181818181,0.0,0.08,0.5013192875301997,1,1
0.1383329408994583,0.1153846153846154,0.0,0.2321799422022475,0.1132930513595163,0.0454545454545454,0.0,0.12,0.5004358766826386,1,1
0.1795384977631268,0.173076923076923,0.15625,0.2209170723131181,0.0995605602856355,0.1363636363636363,0.0,0.18,0.5508949951043975,1,1
0.0941841299740993,0.1153846153846154,0.0,0.2815168063995069,0.0308981049162317,0.0681818181818181,0.375,0.12,0.5011210351131237,0,1
0.0323757946785966,0.0576923076923076,0.0,0.216851450987286,0.0343312276847019,0.0227272727272727,0.0,0.06,0.31495687276950735,0,0
0.0264892865552154,0.0,0.0,0.1631742613205573,0.0102993683054105,0.0,0.0,0.0,0.3048084650377864,0,0
0.0058865081233812,0.0,0.0,0.0919160064610412,0.0068662455369403,0.0227272727272727,0.0,0.0,0.3091561839740899,0,0
0.3737932658347066,0.2307692307692307,0.28125,0.2508048831408566,0.2815160670145558,0.2727272727272727,0.0,0.24,0.5481023047842324,0,1
0.2737226277372261,0.4423076923076923,0.53125,0.270913226455107,0.1647898928865692,0.1136363636363636,0.0,0.46,0.6492202698063843,1,1
0.014716270308453,0.0,0.0,0.0586768050809276,0.0068662455369403,0.0,0.0,0.0,0.33269677572622536,0,0
0.2060277843183422,0.2692307692307693,0.3125,0.2656389068972709,0.1373249107388077,0.2045454545454545,0.0,0.2799999999999999,0.5482923534228976,0,1
0.0176595243701436,0.0192307692307692,0.0,0.0787851483951781,0.0068662455369403,0.0227272727272727,0.0,0.0199999999999999,0.3253562127758176,0,0
0.1795384977631268,0.0192307692307692,0.0,0.4510092630237222,0.1132930513595163,0.3409090909090909,0.0,0.0199999999999999,0.5012328671085519,0,1
0.3178714386625851,0.5769230769230769,0.0,0.3058006526970444,0.1750892611919798,0.7045454545454546,0.125,0.31,0.5023895180621549,1,1
0.029432540616906,0.0961538461538461,0.0,0.2706385223114698,0.0343312276847019,0.0,0.0,0.1,0.31495687276950735,1,0
0.0500353190487402,0.0384615384615384,0.0,0.1615260364587334,0.0240318593792913,0.0681818181818181,0.0,0.04,0.4605862378929484,0,0
0.2678361196138449,0.2884615384615385,0.21875,0.3411825463975289,0.1922548750343308,0.2272727272727273,0.25,0.3,0.5549479448948614,0,1
0.0117730162467624,0.0,0.0,0.2154229894403721,0.0068662455369403,0.0,0.0,0.0,0.3048084650377864,1,0
0.0647515893571932,0.0192307692307692,0.0,0.3127231971167044,0.0514968415270528,0.1363636363636363,0.0,0.0199999999999999,0.4905705591379167,0,0
0.029432540616906,0.0384615384615384,0.0,0.1225180480622366,0.0205987366108211,0.0454545454545454,0.0,0.04,0.38298532409370517,0,0
0.0618083352955026,0.0384615384615384,0.0,0.1451536694979503,0.0377643504531721,0.0454545454545454,0.125,0.04,0.49888010769903934,1,0
0.2089710383800328,0.1153846153846154,0.0,0.3633237003746954,0.1853886294973904,0.0909090909090909,0.0,0.12,0.5050892481430459,0,1
0.0382623028019778,0.0192307692307692,0.0,0.1086180183941891,0.0205987366108211,0.0909090909090909,0.0,0.0199999999999999,0.519310017118109,1,1
0.1383329408994583,0.1153846153846154,0.09375,0.4844682277187456,0.1098599285910461,0.1590909090909091,0.125,0.12,0.5179288907101138,0,1
0.1618789733929831,0.0384615384615384,0.0,0.1068599118749104,0.0480637187585827,0.25,0.0,0.04,0.5515537069458789,0,1
0.0264892865552154,0.0,0.0,0.1505928115419688,0.0171656138423509,0.0,0.0,0.0,0.3048084650377864,0,0
0.1618789733929831,0.1538461538461538,0.0625,0.2097640840814436,0.1201592968964567,0.1590909090909091,0.0,0.16,0.5068940725649723,0,1
0.0559218271721214,0.0192307692307692,0.0,0.076257870273715,0.0205987366108211,0.0681818181818181,0.0,0.0199999999999999,0.621855738608837,0,1
0.2737226277372261,0.3269230769230769,0.53125,0.3029437296032164,0.1682230156550394,0.25,0.625,0.34,0.5549479448948614,0,1
0.1559924652696019,0.0769230769230769,0.0,0.3446987594360863,0.0789618236748144,0.0227272727272727,0.125,0.08,0.5213674031494966,1,1
0.3679067577113254,0.3269230769230769,0.0,0.4729306536859788,0.2643504531722048,0.3863636363636363,0.125,0.34,0.5023895180621549,0,1
0.1618789733929831,0.173076923076923,0.09375,0.3271726350720265,0.0858280692117548,0.0681818181818181,0.0,0.18,0.5708260152753062,0,1
0.0412055568636684,0.0384615384615384,0.0,0.097629852648697,0.0274649821477615,0.0681818181818181,0.0,0.04,0.5653647146677195,0,1
0.24429008712032,0.2307692307692307,0.25,0.0,0.0,0.0,0.0,0.22,0.5414734614303316,1,1
0.0058865081233812,0.0384615384615384,0.0625,0.0715329590031534,0.0068662455369403,0.0227272727272727,0.0,0.04,0.3309380196797676,0,0
0.0500353190487402,0.0384615384615384,0.0,0.1466920127023191,0.0274649821477615,0.0681818181818181,0.0,0.04,0.46958777133452156,0,0
0.2825523899222979,0.25,0.25,0.0,0.0,0.0,0.0,0.26,0.5414734614303316,1,1
0.170708735578055,0.0961538461538461,0.09375,0.2677266583889143,0.1304586652018673,0.2272727272727273,0.25,0.1,0.5093017372079518,0,1
0.1795384977631268,0.0384615384615384,0.0,0.3495335523641028,0.1235924196649269,0.25,0.0,0.04,0.5012328671085519,0,1
0.0412055568636684,0.0384615384615384,0.0,0.1668552968452971,0.054929964295523,0.0227272727272727,0.0,0.04,0.4998329459951584,0,0
0.0470920649870496,0.0384615384615384,0.0,0.1465271902161368,0.0274649821477615,0.0,0.0,0.03,0.3049292481346737,0,0
0.0058865081233812,0.0,0.0,0.0766424560748072,0.0034331227684701,0.0227272727272727,0.0,0.0,0.32821993915635916,0,0
0.0912408759124087,0.0384615384615384,0.0625,0.2222905930313046,0.0377643504531721,0.1590909090909091,0.25,0.04,0.5017829096246423,0,1
0.0353190487402872,0.0,0.0,0.2337732262353438,0.0308981049162317,0.0227272727272727,0.0,0.0,0.30858546395436515,0,0
0.0323757946785966,0.0384615384615384,0.0,0.1238915687804231,0.0205987366108211,0.0454545454545454,0.0,0.04,0.38288859443730927,0,0
0.014716270308453,0.0192307692307692,0.0,0.0524684914347246,0.0102993683054105,0.0227272727272727,0.0,0.0199999999999999,0.3309380196797676,0,0
0.4620908876854247,0.7115384615384616,0.25,0.3946949135780753,0.3810766273001914,0.4772727272727273,0.0,0.74,0.5549479448948614,0,1
0.0088297621850718,0.0,0.0,0.050490621600536,0.0171656138423509,0.0,0.0,0.0,0.33269677572622536,0,0
0.3208146927242757,0.0769230769230769,0.0,0.0,0.0,0.0,0.0,0.08,0.5020329440015354,0,1
0.0176595243701436,0.0,0.0,0.2219060072302124,0.0171656138423509,0.0681818181818181,0.0,0.0,0.5789516294680536,1,1
0.014716270308453,0.0,0.0,0.133066687177909,0.0068662455369403,0.0681818181818181,0.0,0.0,0.4790076054288888,0,0
0.556275017659524,0.4615384615384615,0.75,0.3138769545199811,0.4360065915957145,1.0,0.375,0.48,0.5549479448948614,0,1
0.0794678596656462,0.0769230769230769,0.0,0.4432076653444228,0.0514968415270528,0.1136363636363636,0.0,0.08,0.5004295414513606,1,1
0.0794678596656462,0.1538461538461538,0.25,0.0,0.0,0.0,0.0,0.16,0.43377643619798506,0,0
0.1971980221332704,0.0769230769230769,0.0,0.4573823991561075,0.1544905245811586,0.25,0.0,0.08,0.5014393310588715,1,1
0.1118436543442429,0.0961538461538461,0.0,0.1194413616534988,0.0926943147486952,0.1136363636363636,0.0,0.1,0.5005169111461152,0,1
0.014716270308453,0.0,0.0,0.0998824266265229,0.0171656138423509,0.0,0.0,0.0,0.30864248339658445,0,0
0.0264892865552154,0.0384615384615384,0.0625,0.088674497566121,0.0137324910738807,0.0681818181818181,0.0,0.04,0.6331841689600877,0,1
0.073581351542265,0.0384615384615384,0.0,0.2365202676717168,0.0377643504531721,0.0909090909090909,0.0,0.04,0.49971884906858605,0,0
0.0500353190487402,0.0384615384615384,0.0,0.1215291131451423,0.0446305959901125,0.0227272727272727,0.25,0.04,0.49996588434513783,0,0
0.0117730162467624,0.0192307692307692,0.0,0.0696649708264197,0.0034331227684701,0.0227272727272727,0.0,0.0199999999999999,0.3309380196797676,0,0
0.0500353190487402,0.0576923076923076,0.0625,0.0943334029250494,0.0274649821477615,0.0454545454545454,0.0,0.06,0.40274027598403334,0,0
0.0765246056039556,0.1153846153846154,0.0,0.1580647642489034,0.072095578137874,0.0227272727272727,0.0,0.12,0.532389752039808,0,1
0.0088297621850718,0.0,0.0,0.133066687177909,0.0068662455369403,0.0227272727272727,0.0,0.0,0.30391016627321693,0,0
0.0029432540616906,0.0,0.0,0.0469194677332511,0.0034331227684701,0.0,0.0,0.0,0.33269677572622536,0,0
0.1118436543442429,0.2692307692307693,0.28125,0.1087828408803715,0.1132930513595163,0.0454545454545454,0.375,0.2799999999999999,0.5553978426107983,1,1
0.0029432540616906,0.0,0.0,0.080323491599547,0.0034331227684701,0.0,0.0,0.0,0.31988212083739237,0,0
0.0765246056039556,0.0769230769230769,0.0625,0.1428461546913969,0.0617962098324634,0.1136363636363636,0.125,0.08,0.4998731474903485,1,0
0.0794678596656462,0.0,0.0,0.0,0.0,0.0,0.0,0.0,0.43390009537822655,1,0
0.1648222274546738,0.1153846153846154,0.0,0.3177777533596307,0.1201592968964567,0.0454545454545454,0.25,0.12,0.5012819015566361,0,1
0.0765246056039556,0.0,0.0,0.3213489072269157,0.0617962098324634,0.1136363636363636,0.875,0.0,0.49077986414351266,0,0
0.1559924652696019,0.2115384615384615,0.0,0.0,0.0,0.0,0.0,0.22,0.5008365133629652,0,1
0.2236873086884858,0.1346153846153846,0.21875,0.460898612194665,0.250617962098324,0.2045454545454545,0.0,0.1399999999999999,0.5204653624057065,0,1
0.0824111137273369,0.25,0.3125,0.0,0.0,0.0,0.0,0.26,0.5468413665187478,0,1
0.0412055568636684,0.0384615384615384,0.0,0.1284516575648023,0.0240318593792913,0.0227272727272727,0.0,0.04,0.3031629913719814,0,0
0.0853543677890275,0.0192307692307692,0.0,0.0,0.0,0.0,0.0,0.0199999999999999,0.5064444132912623,1,1
0.0824111137273369,0.0384615384615384,0.0,0.1451536694979503,0.0411974732216423,0.0909090909090909,0.0,0.04,0.5003134428923951,0,1
0.1000706380974805,0.0769230769230769,0.0,0.1365829002164664,0.0308981049162317,0.1363636363636363,0.0,0.0499999999999999,0.5008303802722547,0,1
0.0235460324935248,0.0192307692307692,0.0,0.0492269825398044,0.0068662455369403,0.0227272727272727,0.0,0.0199999999999999,0.3309380196797676,0,0
0.0323757946785966,0.0192307692307692,0.0,0.1424615688903047,0.0205987366108211,0.0227272727272727,0.0,0.0199999999999999,0.3036664854694589,0,0
0.1765952437014362,0.0961538461538461,0.125,0.2753084927533039,0.144191156275748,0.0681818181818181,0.0,0.1,0.5104182482533924,0,1
0.1295031787143865,0.1153846153846154,0.1875,0.0,0.0,0.0,0.0,0.12,0.5066488849610282,0,1
0.0176595243701436,0.0,0.0,0.116364675244761,0.0068662455369403,0.0681818181818181,0.0,0.0,0.5202271382024088,0,1
0.0117730162467624,0.0,0.0,0.0787302075664507,0.0102993683054105,0.0454545454545454,0.0,0.0,0.38422747521777667,0,0
0.029432540616906,0.0,0.0,0.0943334029250494,0.0205987366108211,0.0681818181818181,0.0,0.0,0.6024702447638649,0,1
0.6622321638803857,0.1346153846153846,0.125,0.5944597668311212,0.7037901675363895,0.5,0.375,0.1399999999999999,0.5197635246030441,0,1
0.0382623028019778,0.0,0.0,0.2139395870647306,0.0274649821477615,0.0227272727272727,0.0,0.0,0.3043106167942003,0,0
0.1089004002825523,0.0769230769230769,0.0,0.268166185018734,0.0686624553694038,0.0681818181818181,0.0,0.08,0.5001882073370089,1,1
0.073581351542265,0.1538461538461538,0.25,0.2583867175052461,0.0308981049162317,0.0,0.0,0.16,0.34433725035633805,0,0
0.1442194490228395,0.2307692307692307,0.0,0.2712428714274718,0.1167261741279865,0.1136363636363636,0.25,0.24,0.5011836733394055,0,1
0.058865081233812,0.0576923076923076,0.09375,0.1569659476743542,0.0446305959901125,0.1136363636363636,0.0,0.06,0.49855666599595827,0,0
0.0058865081233812,0.0,0.0,0.053237663036909,0.0034331227684701,0.0227272727272727,0.0,0.0,0.3309380196797676,0,0
0.0912408759124087,0.0769230769230769,0.0,0.1085081367367342,0.0343312276847019,0.1136363636363636,0.0,0.08,0.5005427638603206,0,1
0.0088297621850718,0.0,0.0,0.088674497566121,0.0068662455369403,0.0227272727272727,0.0,0.0,0.31118410538751407,0,0
0.0882976218507181,0.0769230769230769,0.0,0.1978419242475848,0.0789618236748144,0.0681818181818181,0.0,0.08,0.5005547957379091,0,1
0.1913115140098892,0.0384615384615384,0.0,0.4883690265583952,0.2025542433397413,0.2727272727272727,0.0,0.04,0.5013996226724516,0,1
0.0971273840357899,0.0384615384615384,0.0625,0.2498159482237623,0.072095578137874,0.0909090909090909,0.0,0.04,0.5005304873796671,1,1
0.0058865081233812,0.0,0.0,0.0957618644719634,0.0034331227684701,0.0,0.0,0.0,0.3093745434174061,0,0
0.014716270308453,0.0192307692307692,0.0,0.0753238761853481,0.0102993683054105,0.0,0.0,0.0199999999999999,0.3265105876815839,0,0
0.1618789733929831,0.1538461538461538,0.125,0.2763523684991256,0.1064268058225759,0.1590909090909091,0.0,0.16,0.5355784215824166,1,1
0.1147869084059335,0.0384615384615384,0.0,0.1411429890008456,0.0377643504531721,0.0227272727272727,0.0,0.04,0.5051450516200883,0,1
0.0353190487402872,0.0,0.0,0.0985089059083364,0.0240318593792913,0.1136363636363636,0.0,0.0,0.5284288953626739,0,1
0.2236873086884858,0.2115384615384615,0.125,0.0,0.0,0.0,0.0,0.22,0.5358361331491698,1,1
0.4532611255003529,0.3269230769230769,0.375,0.0,0.0,0.0,0.0,0.34,0.5414734614303316,1,1
0.0618083352955026,0.173076923076923,0.15625,0.1115298823167445,0.0583630870639932,0.0909090909090909,0.0,0.18,0.4907725602896819,0,0
0.0,0.0,0.0,0.0431834913797838,0.0034331227684701,0.0,0.0,0.0,0.33269677572622536,0,0
0.0529785731104308,0.0384615384615384,0.0,0.1492192908237823,0.0240318593792913,0.1136363636363636,0.0,0.04,0.47563056583692775,0,0
0.044148810925359,0.0192307692307692,0.0,0.2698144098805579,0.0274649821477615,0.0454545454545454,0.0,0.0199999999999999,0.3824325800687229,1,0
0.073581351542265,0.0,0.0,0.1130682255211134,0.0617962098324634,0.1136363636363636,0.0,0.0,0.49068645162858276,0,0
0.0941841299740993,0.0192307692307692,0.0,0.6426978144538315,0.1991211205712711,0.0227272727272727,0.125,0.0199999999999999,0.7222197572015548,1,1
0.0,0.0,0.0,0.0520289648049049,0.0034331227684701,0.0,0.0,0.0,0.33269677572622536,0,0
0.1089004002825523,0.0961538461538461,0.0,0.1820189655740762,0.0789618236748144,0.0454545454545454,0.0,0.06,0.5005542990865927,0,1
0.1971980221332704,0.0769230769230769,0.0,0.4283736415880085,0.1922548750343308,0.3181818181818182,0.0,0.08,0.5014393310588715,1,1
0.0706380974805744,0.0769230769230769,0.125,0.0,0.0,0.0,0.0,0.08,0.4041802865359989,0,0
0.044148810925359,0.0,0.0,0.1534497346357968,0.0308981049162317,0.0909090909090909,0.0,0.0,0.5306808503886731,0,1
0.058865081233812,0.0769230769230769,0.0625,0.1344402078960955,0.0377643504531721,0.1136363636363636,0.0,0.08,0.49855666599595827,1,0
0.3296444549093476,0.2884615384615385,0.1875,0.314591185293438,0.2643504531722048,0.3863636363636363,0.0,0.3,0.5549479448948614,1,1
1.0,1.0000000000000002,0.0,0.6232487610843104,1.0,0.1136363636363636,0.0,1.0,0.5059019237936094,1,1
0.0206027784318342,0.0192307692307692,0.0,0.1714703264584038,0.0137324910738807,0.0454545454545454,0.0,0.0199999999999999,0.3824325800687229,0,0
0.0941841299740993,0.173076923076923,0.0,0.3068445284428662,0.1064268058225759,0.0,0.0,0.1,0.6292323471478299,0,1
0.058865081233812,0.0192307692307692,0.0,0.1038381662949,0.0411974732216423,0.0909090909090909,0.0,0.0199999999999999,0.4904406148891431,0,0
0.0264892865552154,0.0,0.0,0.315305416066895,0.0171656138423509,0.0227272727272727,0.0,0.0,0.3036645714959367,0,0
0.0853543677890275,0.1153846153846154,0.0,0.1751513619831436,0.0686624553694038,0.0227272727272727,0.0,0.12,0.5476689310622289,1,1
0.1942547680715798,0.0961538461538461,0.0,0.1148263320403921,0.0789618236748144,0.2045454545454545,0.0,0.1,0.5688803751602457,0,1
0.0559218271721214,0.0384615384615384,0.0,0.1118595272891093,0.0377643504531721,0.0909090909090909,0.0,0.04,0.49805939947219935,1,0
0.0647515893571932,0.0576923076923076,0.0,0.2323997055171573,0.0446305959901125,0.1136363636363636,0.0,0.06,0.4992467779439581,0,0
0.3090416764775133,0.1538461538461538,0.0625,0.3091520432494195,0.1579236473496288,0.5454545454545454,0.375,0.16,0.503965461278091,0,1
0.1648222274546738,0.0576923076923076,0.0,0.2525629896601353,0.144191156275748,0.1590909090909091,0.0,0.06,0.5010255015656794,0,1
0.0500353190487402,0.0192307692307692,0.0,0.1077389651345497,0.0274649821477615,0.0909090909090909,0.0,0.0199999999999999,0.49540549908676496,0,0
0.2560631033670825,0.2692307692307693,0.3125,0.3358532860109652,0.2437517165613836,0.25,0.0,0.2799999999999999,0.5549479448948614,0,1
0.0470920649870496,0.0769230769230769,0.09375,0.1752063028118711,0.0411974732216423,0.0227272727272727,0.0,0.08,0.4998329459951584,0,0
0.0353190487402872,0.0192307692307692,0.0,0.1049369828694493,0.0171656138423509,0.0909090909090909,0.0,0.0199999999999999,0.5326217256590655,1,1
0.0117730162467624,0.0,0.0,0.133671036293911,0.0034331227684701,0.0227272727272727,0.0,0.0,0.303883607570426,0,0
0.0412055568636684,0.0384615384615384,0.0,0.0,0.0,0.0,0.0,0.04,0.32887307554274586,0,0
0.0882976218507181,0.1153846153846154,0.0,0.250145593196127,0.054929964295523,0.1136363636363636,0.0,0.12,0.5006581382102125,1,1
0.1442194490228395,0.173076923076923,0.21875,0.1319678706033598,0.1167261741279865,0.1818181818181818,0.0,0.18,0.5016620530626404,1,1
0.0088297621850718,0.0384615384615384,0.0625,0.0858725153010205,0.0102993683054105,0.0227272727272727,0.0,0.04,0.3153648712019858,0,0
0.0206027784318342,0.0192307692307692,0.0,0.1266386102167961,0.0171656138423509,0.0454545454545454,0.0,0.0199999999999999,0.3827137274668647,0,0
0.0470920649870496,0.0,0.0,0.1732284329776825,0.0343312276847019,0.1136363636363636,0.0,0.0,0.49036212737880797,0,0
0.0647515893571932,0.0961538461538461,0.125,0.1544936103816185,0.0411974732216423,0.0909090909090909,0.0,0.1,0.4992467779439581,0,0
0.0676948434188838,0.0192307692307692,0.0,0.0,0.0,0.0,0.0,0.0199999999999999,0.33376082482280717,0,0
0.044148810925359,0.0961538461538461,0.0,0.176634764358785,0.0377643504531721,0.0227272727272727,0.0,0.1,0.37294342508825024,0,0
0.5886508123381207,0.4038461538461539,0.25,0.0,0.0,0.0,0.0,0.42,0.5414734614303316,0,1
0.2207440546267952,0.0576923076923076,0.0,0.1773489951322421,0.1991211205712711,0.4318181818181818,0.0,0.06,0.5057209415558838,0,1
0.0470920649870496,0.0,0.0,0.2816816288856893,0.0308981049162317,0.0454545454545454,0.0,0.0,0.3865555801765441,0,0
0.7475865316694132,0.4038461538461539,0.5,0.3744217477776424,0.4257072232903038,0.9772727272727272,0.625,0.42,0.5549479448948614,0,1
0.3885095361431596,0.4615384615384615,0.09375,0.5613853879371901,0.5630321340291116,0.4545454545454546,0.375,0.48,0.5205308558306798,0,1
0.014716270308453,0.0384615384615384,0.0,0.0624677222631224,0.0137324910738807,0.0227272727272727,0.0,0.04,0.3309380196797676,0,0
0.6121968448316455,0.1538461538461538,0.0,0.7912578153328843,0.5012359241966481,0.7727272727272727,1.0,0.16,0.5014572867532399,0,1
0.0529785731104308,0.0769230769230769,0.0,0.1047721603832669,0.0240318593792913,0.0681818181818181,0.0,0.08,0.4985861791321178,0,0
0.014716270308453,0.0,0.0,0.1260342611007941,0.0068662455369403,0.0454545454545454,0.0,0.0,0.3827499491333227,1,0
0.0853543677890275,0.0769230769230769,0.09375,0.1504279890557864,0.0686624553694038,0.0909090909090909,0.0,0.08,0.5004626278135533,0,1
0.0382623028019778,0.0576923076923076,0.0625,0.1151559770127569,0.0240318593792913,0.0227272727272727,0.0,0.06,0.3045115440437936,0,0
0.3914527902048502,0.5769230769230769,0.40625,0.2567934334721498,0.2643504531722048,0.3863636363636363,0.125,0.6,0.5499748807942104,0,1
0.0176595243701436,0.0192307692307692,0.0,0.1221334622611444,0.0137324910738807,0.0,0.0,0.0199999999999999,0.30576439288254686,0,0
0.029432540616906,0.0384615384615384,0.0,0.1128484622062035,0.0102993683054105,0.0454545454545454,0.0,0.04,0.3838404117338846,0,0
0.0117730162467624,0.0,0.0,0.2361356818706246,0.0102993683054105,0.0,0.0,0.0,0.3048084650377864,0,0
0.1530492112079113,0.0769230769230769,0.0,0.2292131374509646,0.1132930513595163,0.2045454545454545,0.0,0.08,0.5008041899573171,0,1
0.0412055568636684,0.0192307692307692,0.0,0.2216862439153026,0.0205987366108211,0.0454545454545454,0.0,0.0199999999999999,0.3824325800687229,0,0
0.073581351542265,0.0769230769230769,0.0,0.3222829013152825,0.0823949464432846,0.0454545454545454,0.25,0.08,0.4997242699264961,1,0
0.0824111137273369,0.0192307692307692,0.0,0.558528464843362,0.1819555067289202,0.0227272727272727,0.0,0.0199999999999999,0.6358792179581176,0,1
0.044148810925359,0.0961538461538461,0.0625,0.1390552375092021,0.0343312276847019,0.0454545454545454,0.0,0.1,0.44790879948551243,0,0
0.0676948434188838,0.1923076923076923,0.25,0.1780082850769715,0.0755287009063442,0.0681818181818181,0.0,0.1999999999999999,0.49081810406323817,0,0
0.0382623028019778,0.0192307692307692,0.0,0.1819090839166212,0.0274649821477615,0.0227272727272727,0.0,0.0199999999999999,0.3043106167942003,0,0
0.0647515893571932,0.0576923076923076,0.0,0.0,0.0,0.0,0.0,0.06,0.3495184956222318,0,0
0.1942547680715798,0.4807692307692308,0.71875,0.0,0.0,0.0,0.0,0.47,0.5365284844582302,0,1
0.3679067577113254,0.75,0.875,0.2295427824233294,0.4497390826695952,0.25,0.0,0.78,0.5413439250328738,0,1
0.1824817518248174,0.0961538461538461,0.0,0.1916336106013818,0.1167261741279865,0.1818181818181818,0.0,0.09,0.5019185584871684,0,1
0.5503885095361428,0.4423076923076923,0.46875,0.6053380509191584,0.4806371875858269,0.7954545454545455,0.25,0.46,0.5549479448948614,0,1
0.0029432540616906,0.0,0.0,0.0522487281198148,0.0068662455369403,0.0,0.0,0.0,0.33269677572622536,0,0
0.0794678596656462,0.0576923076923076,0.0,0.1825134330326233,0.0446305959901125,0.1363636363636363,0.0,0.06,0.5006730139722713,0,1
0.0235460324935248,0.0192307692307692,0.0,0.1057610953003612,0.0137324910738807,0.0454545454545454,0.0,0.0199999999999999,0.38422747521777667,0,0
0.6475158935719327,0.75,0.96875,0.390244706451151,0.6042296072507539,0.5454545454545454,0.0,0.73,0.5549479448948614,0,1
0.1265599246526959,0.0769230769230769,0.09375,0.1702616282263996,0.0480637187585827,0.1590909090909091,0.25,0.08,0.5009148499472184,0,1
0.0176595243701436,0.0576923076923076,0.0,0.1454283736415876,0.0240318593792913,0.0227272727272727,0.0,0.06,0.302605594151301,0,0
0.0470920649870496,0.0576923076923076,0.0625,0.0,0.0,0.0,0.0,0.06,0.3278463115528236,0,0
0.0088297621850718,0.0,0.0,0.0824112430911905,0.0034331227684701,0.0227272727272727,0.0,0.0,0.32034675772421806,0,0
0.0353190487402872,0.0,0.0,0.4330436120298426,0.0205987366108211,0.0681818181818181,0.0,0.0,0.6246327582155999,0,1
0.2590063574287731,0.173076923076923,0.21875,0.3067895876141387,0.1922548750343308,0.25,0.125,0.18,0.538898793539006,0,1
0.2590063574287731,0.0192307692307692,0.0,1.0,0.514968415270529,0.0454545454545454,0.0,0.0199999999999999,0.546301132254964,0,1
0.1206734165293147,0.2115384615384615,0.34375,0.0,0.0,0.0,0.0,0.22,0.5261265382127753,0,1
0.0382623028019778,0.0192307692307692,0.0,0.1566912435307169,0.0171656138423509,0.0681818181818181,0.0,0.0199999999999999,0.4579894148728879,0,0
0.0382623028019778,0.0,0.0,0.1924027822035662,0.0411974732216423,0.0681818181818181,0.0,0.0,0.4902854375833225,0,0
0.1206734165293147,0.1153846153846154,0.0,0.1295504741393515,0.0652293326009336,0.1136363636363636,0.0,0.12,0.5001786031384229,1,1
0.2325170708735576,0.0384615384615384,0.0,0.4276594108145515,0.1544905245811586,0.4090909090909091,0.0,0.04,0.5019912629857829,0,1
0.1118436543442429,0.0576923076923076,0.0,0.2098739657388986,0.0755287009063442,0.0909090909090909,0.0,0.06,0.5002505686204347,0,1
0.5327289851659992,0.3461538461538462,0.0,0.4046392035777456,0.5390002746498203,0.4545454545454546,0.25,0.36,0.5023895180621549,0,1
0.1471627030845301,0.0961538461538461,0.0,0.1908644389991973,0.0755287009063442,0.2272727272727273,0.25,0.07,0.5006714328838261,1,1
0.044148810925359,0.0576923076923076,0.0,0.0973551485050597,0.0240318593792913,0.0454545454545454,0.0,0.06,0.38540199710298767,0,0
0.3031551683541321,0.8461538461538461,1.0,0.3525552979441132,0.3776435045317212,0.0909090909090909,0.375,0.88,0.6920703713234378,0,1
0.0853543677890275,0.173076923076923,0.0,0.1328469238629991,0.0858280692117548,0.1136363636363636,0.0,0.18,0.5027106035122351,0,1
0.2501765952437013,0.1346153846153846,0.0,0.0,0.0,0.0,0.0,0.1399999999999999,0.5030871501529868,1,1
0.0235460324935248,0.0192307692307692,0.0,0.0728515388926124,0.0102993683054105,0.0454545454545454,0.0,0.0199999999999999,0.38422747521777667,0,0
0.1295031787143865,0.2115384615384615,0.28125,0.0,0.0,0.0,0.0,0.22,0.5273956714938973,1,1
0.058865081233812,0.0769230769230769,0.0,0.1689430483369406,0.0308981049162317,0.0454545454545454,0.0,0.0499999999999999,0.44378275661813227,1,0
0.044148810925359,0.0384615384615384,0.0625,0.0,0.0,0.0,0.0,0.04,0.3281817676790425,1,0
0.0,0.0,0.0,0.0431834913797838,0.0034331227684701,0.0,0.0,0.0,0.33269677572622536,0,0
0.0559218271721214,0.0769230769230769,0.0625,0.1775687584471519,0.0308981049162317,0.0909090909090909,0.0,0.08,0.4968806906267584,0,0
0.0264892865552154,0.0192307692307692,0.0,0.0,0.0,0.0,0.0,0.0199999999999999,0.33269677572622536,0,0
0.1589357193312925,0.1346153846153846,0.0,0.2688254749634636,0.1544905245811586,0.1590909090909091,0.375,0.1399999999999999,0.5011381647308455,0,1
0.044148810925359,0.0576923076923076,0.0,0.0681815684507783,0.0205987366108211,0.0454545454545454,0.0,0.06,0.38540199710298767,0,0
0.058865081233812,0.0384615384615384,0.0,0.3690375465623513,0.089261191980225,0.0681818181818181,0.0,0.04,0.49917496591902805,0,0
0.1089004002825523,0.0192307692307692,0.0,0.2063028118716136,0.0377643504531721,0.1590909090909091,0.0,0.0199999999999999,0.503200707872479,1,1
0.1265599246526959,0.0192307692307692,0.0,0.297394705901743,0.0858280692117548,0.25,0.0,0.0199999999999999,0.5016457572031725,1,1
0.0235460324935248,0.0769230769230769,0.125,0.0573582251914686,0.0240318593792913,0.0454545454545454,0.0,0.08,0.38422747521777667,0,0
0.014716270308453,0.0192307692307692,0.0,0.0787851483951781,0.0068662455369403,0.0227272727272727,0.0,0.0199999999999999,0.3253562127758176,0,0
0.0382623028019778,0.0192307692307692,0.0,0.1123539947476564,0.0240318593792913,0.0227272727272727,0.0,0.0199999999999999,0.3048949767157041,0,0
0.0058865081233812,0.0,0.0,0.0585119825947452,0.0068662455369403,0.0,0.0,0.0,0.33269677572622536,0,0
0.0088297621850718,0.0192307692307692,0.0,0.1636687287791044,0.0102993683054105,0.0,0.0,0.0199999999999999,0.3048084650377864,0,0
0.0029432540616906,0.0192307692307692,0.0,0.058127396793653,0.0102993683054105,0.0,0.0,0.0199999999999999,0.33269677572622536,0,0
0.3590769955262536,1.0000000000000002,1.0,0.4729855945147063,0.5184015380389991,0.3863636363636363,1.0,1.0,0.5549479448948614,1,1
0.0529785731104308,0.0769230769230769,0.0,0.1113650598305621,0.0446305959901125,0.0909090909090909,0.0,0.08,0.4974149896175394,0,0
0.0559218271721214,0.0576923076923076,0.0,0.0,0.0,0.0,0.0,0.06,0.3287536156045138,0,0
0.0794678596656462,0.0192307692307692,0.0,0.261243640599074,0.0652293326009336,0.1136363636363636,0.0,0.0199999999999999,0.5018134332859782,1,1
0.1206734165293147,0.1346153846153846,0.0625,0.1941059478941174,0.0480637187585827,0.1818181818181818,0.0,0.1399999999999999,0.5020310108633154,0,1
0.1530492112079113,0.1538461538461538,0.1875,0.3468414517564573,0.1235924196649269,0.2272727272727273,0.0,0.16,0.5331872582210181,0,1
0.1736519896397456,0.0961538461538461,0.0,0.2174008592745606,0.1029936830541057,0.25,0.25,0.07,0.501052121649238,1,1
0.0264892865552154,0.0192307692307692,0.0,0.1140571604382077,0.0205987366108211,0.0681818181818181,0.0,0.0199999999999999,0.5270487673206448,0,1
0.9447845538026836,0.9230769230769232,0.5,0.8212005669893502,0.7278220269156809,0.7954545454545455,0.0,0.96,0.5549479448948614,1,1
0.2207440546267952,0.0961538461538461,0.0,0.4330985528585701,0.17852238396045,0.1363636363636363,0.0,0.09,0.5028230377490717,0,1
0.0206027784318342,0.0384615384615384,0.0,0.1347149120397328,0.0102993683054105,0.0,0.0,0.04,0.3049813168108217,0,0
0.0941841299740993,0.0961538461538461,0.125,0.2955267177250093,0.0995605602856355,0.0454545454545454,0.0,0.1,0.5009743299351531,1,1
0.1795384977631268,0.0,0.0,0.6678607140110082,0.1235924196649269,0.2954545454545454,0.0,0.0,0.5012328671085519,0,1
0.073581351542265,0.0384615384615384,0.0,0.1697671607678525,0.0617962098324634,0.0681818181818181,0.125,0.04,0.49971884906858605,0,0
0.0029432540616906,0.0,0.0,0.1181777225927672,0.0068662455369403,0.0,0.0,0.0,0.3061390520599474,0,0
0.0500353190487402,0.0384615384615384,0.0,0.2396518949091821,0.0446305959901125,0.0454545454545454,0.0,0.04,0.4977424005207252,0,0
0.0264892865552154,0.0,0.0,0.1419671014317576,0.0137324910738807,0.0227272727272727,0.0,0.0,0.303669886232404,0,0
0.0559218271721214,0.0192307692307692,0.0,0.3224477238014649,0.0205987366108211,0.1136363636363636,0.0,0.0199999999999999,0.621855738608837,0,1
0.3620202495879442,0.2884615384615385,0.46875,0.1252650894986096,0.1132930513595163,0.3181818181818182,0.0,0.2799999999999999,0.5041099150538737,0,1
0.1295031787143865,0.0961538461538461,0.0625,0.1211445273440501,0.0686624553694038,0.2727272727272727,0.0,0.1,0.5724545041876276,0,1
0.2384035789969388,0.1538461538461538,0.0,0.2886041733053493,0.1956879978028009,0.3181818181818182,0.0,0.12,0.5014572867532399,1,1
0.0470920649870496,0.0769230769230769,0.125,0.1125188172338388,0.0343312276847019,0.0227272727272727,0.0,0.08,0.3352271326093988,0,0
0.0971273840357899,0.0576923076923076,0.0,0.2387179008208153,0.0858280692117548,0.1590909090909091,0.0,0.0499999999999999,0.5016217396158952,0,1
0.0765246056039556,0.0961538461538461,0.0,0.1181227817640397,0.0686624553694038,0.0681818181818181,0.0,0.1,0.49987975295757786,1,0
0.1677654815163644,0.0,0.0,0.8230685551660838,0.1510574018126884,0.2045454545454545,0.0,0.0,0.5010708210661132,0,1
0.1030138921591711,0.3076923076923077,0.40625,0.0,0.0,0.0,0.0,0.32,0.5846014389227036,0,1
0.0176595243701436,0.0,0.0,0.1013108881734369,0.0068662455369403,0.0227272727272727,0.0,0.0,0.30738685033430146,0,0
0.2472333411820106,0.2692307692307693,0.40625,0.3265682859560244,0.2025542433397413,0.2727272727272727,0.25,0.2799999999999999,0.5549479448948614,0,1
0.0529785731104308,0.0769230769230769,0.125,0.0982891425934266,0.0377643504531721,0.0454545454545454,0.375,0.08,0.4980301260831467,0,0
0.2796091358606073,0.2307692307692307,0.21875,0.0,0.0,0.0,0.0,0.24,0.5414734614303316,0,1
0.0529785731104308,0.1346153846153846,0.09375,0.0974100893337872,0.0755287009063442,0.0909090909090909,0.0,0.1399999999999999,0.4974149896175394,0,0
0.029432540616906,0.0576923076923076,0.0,0.0,0.0,0.0,0.0,0.06,0.33269677572622536,0,0
0.029432540616906,0.0384615384615384,0.0,0.0733460063511595,0.0137324910738807,0.0454545454545454,0.0,0.04,0.38422747521777667,1,0
0.1236166705910053,0.1153846153846154,0.0625,0.1941059478941174,0.0823949464432846,0.1363636363636363,0.0,0.12,0.5051242017956962,0,1
0.0206027784318342,0.0961538461538461,0.0,0.1222982847473267,0.0274649821477615,0.0,0.0,0.1,0.3055692914548161,0,0
0.3060984224158227,0.0961538461538461,0.0,0.226630918500774,0.1064268058225759,0.75,1.0,0.07,0.5027136677556081,1,1
0.1442194490228395,0.1153846153846154,0.0,0.2242684628654932,0.1029936830541057,0.2272727272727273,0.0,0.12,0.5009045086833358,0,1
0.2501765952437013,0.3846153846153846,0.5625,0.0,0.0,0.0,0.0,0.34,0.5414734614303316,1,1
0.044148810925359,0.0384615384615384,0.0,0.1118045864603818,0.0274649821477615,0.0909090909090909,0.0,0.04,0.5024863123258082,0,1
0.0117730162467624,0.0,0.0,0.0584021009372903,0.0034331227684701,0.0454545454545454,0.0,0.0,0.38422747521777667,0,0
0.0618083352955026,0.0769230769230769,0.0625,0.0,0.0,0.0,0.0,0.08,0.33076781369257413,0,0
0.0058865081233812,0.0,0.0,0.1773489951322421,0.0137324910738807,0.0,0.125,0.0,0.3048084650377864,0,0
0.0412055568636684,0.0576923076923076,0.09375,0.0936191721515924,0.0343312276847019,0.0227272727272727,0.0,0.06,0.3352271326093988,0,0
0.0264892865552154,0.0,0.0,0.0,0.0,0.0,0.0,0.0,0.33269677572622536,1,0
0.1824817518248174,0.173076923076923,0.0625,0.2951421319239171,0.1647898928865692,0.2272727272727273,0.125,0.18,0.5054802794852451,0,1
0.0647515893571932,0.0384615384615384,0.0,0.1748217170107789,0.0377643504531721,0.1136363636363636,0.0,0.04,0.4991350894404313,0,0
0.4297150930068281,0.25,0.125,0.37079565308163,0.2849491897830259,0.2727272727272727,0.0,0.26,0.5459729945743367,0,1
0.0117730162467624,0.0,0.0,0.0659289944729524,0.0034331227684701,0.0454545454545454,0.0,0.0,0.38422747521777667,0,0
0.6798916882505294,0.5384615384615384,0.65625,1.0,0.8685800604229587,0.7272727272727273,0.0,0.56,0.5549479448948614,1,1
0.3620202495879442,0.9423076923076924,1.0,0.2995373982221139,0.2952485580884366,0.3181818181818182,0.0,0.97,0.5549479448948614,0,1
0.0500353190487402,0.0384615384615384,0.0,0.0765875152460797,0.0205987366108211,0.0681818181818181,0.0,0.04,0.5286511272695347,0,1
0.0382623028019778,0.0769230769230769,0.0,0.0,0.0,0.0,0.0,0.08,0.3299446943174371,0,0
0.029432540616906,0.0384615384615384,0.0625,0.0582922192798354,0.0137324910738807,0.0454545454545454,0.0,0.04,0.38422747521777667,0,0
0.2619496114904637,0.0769230769230769,0.0,0.3089872207632371,0.2094204888766817,0.2045454545454545,0.0,0.08,0.5019541536901871,1,1
0.0382623028019778,0.0192307692307692,0.0,0.1713055039722214,0.0274649821477615,0.0227272727272727,0.0,0.0199999999999999,0.3043106167942003,0,0
0.0794678596656462,0.0769230769230769,0.0625,0.1044425154109021,0.0274649821477615,0.0681818181818181,0.0,0.08,0.5002280571847296,0,1
0.0941841299740993,0.1153846153846154,0.0,0.2029514213192386,0.0308981049162317,0.0681818181818181,0.125,0.12,0.5007281557566102,0,1
0.229573816811867,0.2115384615384615,0.3125,0.0,0.0,0.0,0.0,0.22,0.5413701028349559,1,1
0.0176595243701436,0.0384615384615384,0.0625,0.0,0.0,0.0,0.0,0.04,0.33269677572622536,0,0
0.0323757946785966,0.0192307692307692,0.0,0.1092223675101912,0.0205987366108211,0.0909090909090909,0.0,0.0199999999999999,0.5172365248135509,0,1
0.0058865081233812,0.0192307692307692,0.0,0.0603799707714789,0.0068662455369403,0.0227272727272727,0.0,0.0199999999999999,0.3309380196797676,0,0
0.0058865081233812,0.0,0.0,0.0888942608810308,0.0068662455369403,0.0,0.0,0.0,0.3107250073622734,0,0
0.1206734165293147,0.1538461538461538,0.0,0.236300504356807,0.1167261741279865,0.0681818181818181,0.0,0.16,0.5009600849967119,0,1
0.1501059571462207,0.1923076923076923,0.0625,0.212071598887997,0.1029936830541057,0.0454545454545454,0.0,0.1999999999999999,0.50891333894525,0,1
0.2531198493053919,0.2115384615384615,0.21875,0.0,0.0,0.0,0.0,0.22,0.5414734614303316,0,1
0.0412055568636684,0.0769230769230769,0.125,0.1057610953003612,0.0205987366108211,0.0454545454545454,0.0,0.08,0.38422747521777667,0,0
0.1147869084059335,0.2692307692307693,0.4375,0.1770193501598773,0.0789618236748144,0.0681818181818181,0.0,0.2799999999999999,0.5357972521712395,0,1
0.370850011773016,0.4615384615384615,0.3125,0.3122836704868847,0.3227135402361981,0.4545454545454546,0.0,0.48,0.5549479448948614,1,1
0.0206027784318342,0.0576923076923076,0.0,0.137846539277198,0.0102993683054105,0.0,0.0,0.06,0.304884382957005,0,0
0.0912408759124087,0.0769230769230769,0.09375,0.3678288483303472,0.0755287009063442,0.1363636363636363,0.125,0.08,0.5013449401429647,0,1
0.044148810925359,0.0384615384615384,0.0,0.1042227520959923,0.0205987366108211,0.0681818181818181,0.0,0.04,0.528449569405887,0,1
0.4194299522697027,0.3212794583329282,0.2945822799477521,0.0,0.0,0.0,0.0,0.3341306366662453,0.5414734614303316,1,1
0.0632387526108557,0.0862692035973915,0.0,0.0,0.0,0.0,0.0,0.0897199717412872,0.337904242054539,1,0
0.2227408442346126,0.2260612171741536,0.1267506526150004,0.4887316599613745,0.1325954694914581,0.1603641109927276,0.2028010441840007,0.2351036658611197,0.574999282093076,1,1
0.0359265209484328,0.0157815283796914,0.0,0.1532761874127903,0.0187514365120566,0.0040763755512737,0.0,0.0164127895148791,0.3037512776602089,1,0
0.1232570608968233,0.1490023203807087,0.1443256971652809,0.3254476791668578,0.0961532455397298,0.0936859315839836,0.125,0.154962413195937,0.5088913993523784,1,1
0.6617763189464771,0.4660060925407149,0.0961699667928872,0.476244574778124,0.3869757368336812,0.497678767753265,0.0224466445285914,0.4846463362423435,0.5222360611697073,1,1
0.1605910008841254,0.5049504588324796,0.5108911008794441,0.2263508004349688,0.1513701296651097,0.1136363636363636,0.0814355964822235,0.5251484771857788,0.5762633696863855,1,1
0.3764051903540734,0.3196164053775046,0.4612466825231102,0.0,0.0,0.0,0.0,0.3324010615926047,0.5414734614303316,1,1
0.1716773264510484,0.1520029902060666,0.0,0.0,0.0,0.0,0.0,0.1580831098143092,0.5010212597185968,1,1
0.0965082957270097,0.1236380430657067,0.15625,0.1304843874528385,0.0747919901136074,0.1136363636363636,0.0,0.1285835647883349,0.5005996178361426,1,1
0.0593061276062742,0.0,0.0,0.0,0.0,0.0,0.0,0.0,0.329785615775684,1,0
0.1194119541576036,0.2077920065086314,0.2163148042306104,0.1186543659211501,0.0656306282509292,0.1354781106293128,0.0,0.2161036867689766,0.556072070262561,1,1
0.1628927643609296,0.0842643483781174,0.0579613016566774,0.2386492291417516,0.1031789650003322,0.2413239519167703,0.0477182644577633,0.0876349223132421,0.5043081835415627,1,1
0.1952453326315301,0.0258887857606712,0.0,0.8173797593631794,0.1499351429201365,0.25,0.1658614462778183,0.0269243371910981,0.5014564470229784,1,1
0.0619049684891033,0.0252201013607977,0.0,0.1179227413953327,0.0345566609026212,0.106558062028148,0.0,0.0262289054152296,0.4905186758552803,1,0
0.0507099327703933,0.0118192957506622,0.0,0.0,0.0,0.0,0.0,0.0122920675806886,0.32788702927532265,1,0
0.2432077742508115,0.3347705450935375,0.4488508543107993,0.4428158441796825,0.2324977869860353,0.2562169391842918,0.0,0.3481613668972789,0.5549479448948614,1,1
0.1676367217542221,0.1088341428949184,0.1043945177957575,0.1681335308646289,0.0950331266785512,0.2045454545454545,0.0,0.1131875086107152,0.5209388172430585,1,1
0.0559218271721214,0.029257481855227,0.0,0.1481568612209259,0.0401556143876011,0.0958617367111884,0.0,0.0304277811294361,0.49073728363763564,1,0
0.0249826711881334,0.0287699510441039,0.0,0.0726261152335328,0.0137324910738807,0.034000851233941,0.0,0.0299207490858681,0.3278065836963785,1,0
0.0559218271721214,0.0192307692307692,0.0,0.1760653435777586,0.0470093736565912,0.0978888554842741,0.0,0.0199999999999999,0.4904159193133129,1,0
0.3563986920965361,0.5451603193164076,0.5923434433325128,0.3814330995520081,0.3288071646978914,0.258939691313927,0.4508316977734013,0.563483366044532,0.5549479448948614,1,1
0.1125894966817081,0.1346153846153846,0.0039594905090182,0.2327621453678333,0.0716605887932963,0.092348905639643,0.2737569430541098,0.1025340739257717,0.5008910138753485,1,1
0.1376409290085533,0.1508318210249503,0.1201017091655442,0.2007466852990544,0.0616616783621405,0.2036548562119171,0.0,0.1584325469329741,0.5081887409758943,1,1
0.3270938402854806,0.1699210012198299,0.0,0.3007889825664496,0.2187956932307957,0.3863636363636363,0.0,0.1767178412686231,0.501595947644261,1,1
0.0387393961690568,0.0198542201630721,0.0,0.0913083699059362,0.0207100365575382,0.0901722852618238,0.0,0.04,0.5960413711488264,1,1
0.0861200276187884,0.0192307692307692,0.0,0.2137390011297079,0.0542711908370214,0.1239097299261798,0.0,0.0199999999999999,0.53330783157722,1,1
0.4975753249466247,0.6493325110945926,0.6753822644229703,0.0,0.0,0.0,0.0,0.6637752303845387,0.5414734614303316,1,1
0.227840598370908,0.2307692307692307,0.1825812943359309,0.1587558676251579,0.1753688274340876,0.1787036234659109,0.0,0.24,0.5036339875186523,1,1
0.2351986546476835,0.150925977874689,0.0539929289304454,0.3004713997359,0.1622913563383192,0.2210857664948694,0.0,0.1569630169896766,0.5015803297425131,1,1
0.07989998221569,0.0717624568326854,0.0457279847062275,0.1440104801408582,0.0586151091005266,0.1197352782886445,0.0,0.0746329551059928,0.5005444027599742,1,1
0.2214323687999327,0.2115384615384615,0.2267306080889041,0.0,0.0,0.0,0.0,0.22,0.5402631644419684,1,1
0.0169242434111642,0.0,0.0,0.0803241314429108,0.004291459932766,0.0284094647549114,0.0,0.0,0.32858409566375174,1,0
0.0460453028571676,0.0111643079296905,0.0,0.1809473931864684,0.0460706398917057,0.0681818181818181,0.0,0.0116108802468781,0.49032259095887487,1,0
0.0912408759124087,0.0461278880455929,0.0,0.0,0.0,0.0,0.0,0.0479730035674166,0.5027753887894055,1,1
0.0518860367528177,0.0192307692307692,0.0,0.253108853404011,0.0259608167129351,0.0454545454545454,0.0,0.0199999999999999,0.3824325800687229,1,0
0.1157886626944453,0.1291498188340581,0.0,0.163441268037597,0.0683492683271171,0.1299043313493413,0.2201753925262075,0.1343158115874204,0.5005031170046053,1,1
0.2614841730668619,0.1223017223038556,0.0200097012562346,0.0,0.0,0.0,0.0,0.1271937911960098,0.5030242656872737,1,1
0.1175586695064158,0.1496206484357284,0.15625,0.1626103888966645,0.0993605244146519,0.0622706536465312,0.0,0.1556054743731575,0.5024679602007356,1,1
0.3843023990039323,0.7243210358912363,0.9091909618990052,0.5443067589224246,0.3818843619607255,0.4783421679632746,0.0297795190504974,0.7532938773268858,0.5549479448948614,1,1
0.0548743295362433,0.1008565813009117,0.1402838892279631,0.1499850872302889,0.0510395953772009,0.0171694948261952,0.0,0.1048908445529482,0.5028793256983541,1,1
0.1603502019938422,0.146211200395994,0.15625,0.2343233160015148,0.0947644274258158,0.1469471028743053,0.0,0.1520596484118338,0.5350117495802034,1,1
0.1103416634449293,0.0673738232560946,0.0471973883734614,0.4164347819880805,0.1048873322567761,0.0907527813946853,0.0,0.0700687761863384,0.500543897027607,1,1
0.1976563712818221,0.1388608428377229,0.1302766955830503,0.2576708768668941,0.1558281313039655,0.2184177707677453,0.0,0.1444152765512318,0.526293148761972,1,1
0.0636299699903623,0.0384615384615384,0.0,0.2113121174774794,0.0377643504531721,0.0976735266933934,0.0,0.04,0.49904116766843726,1,0
0.0965388221852962,0.0769230769230769,0.0,0.1475380815372376,0.0377643504531721,0.1136363636363636,0.0,0.08,0.5004672096606224,1,1
0.0974422256695747,0.0384615384615384,0.0591571689532894,0.2501480017214302,0.072095578137874,0.093340240761244,0.0,0.04,0.5005252595447595,1,1
0.0419376943098092,0.0200280481368615,0.0,0.1189282337538198,0.0241741915102883,0.0909090909090909,0.0,0.020829170062336,0.4875687368159878,1,0
0.272204768996346,0.1893681373864537,0.0,0.3093573031206847,0.1856730941519274,0.3550974612922797,0.0,0.1969428628819118,0.5021470945915152,1,1
0.027343388330217,0.0452866382781292,0.0,0.1306845063017593,0.0218171697008469,0.0454545454545454,0.0,0.0470981038092544,0.3825022744508989,1,0
0.279628032605099,0.1914769400985857,0.0,0.3157133480835757,0.1879319050767599,0.377527453775866,0.0,0.1991360177025291,0.5022115278363048,1,1
0.4041472019812494,0.4491065347855502,0.2518943570795569,0.3228322369033122,0.3493460666500154,0.491276147224511,0.0808075238939241,0.4347477866194024,0.5549479448948614,1,1
0.1130783412072538,0.0868745971222568,0.0301575593526651,0.1676946108547871,0.0689024862724161,0.1724408011769724,0.1896848812946697,0.0748252094964264,0.5019558646501545,1,1
0.0176184698479621,0.0379250505978311,0.0,0.0394583290760711,0.0119440983703495,0.0115221441415498,0.0,0.0394420526217444,0.33269677572622536,1,0
0.4809777758465772,0.4599481279704158,0.6276209836516295,0.8514583141186154,0.4623258558416704,0.4772593848714345,0.125,0.4783460530892325,0.5549479448948614,1,1
0.0775784994383995,0.0769230769230769,0.0,0.1608588389824884,0.0308981049162317,0.0454545454545454,0.0,0.0772488755822455,0.49535903902554956,1,0
0.0841483291040602,0.0152907336191877,0.0,0.0,0.0,0.0,0.0,0.0159023629639552,0.5062451987999657,1,1
0.0412055568636684,0.0192307692307692,0.0,0.1078052836344866,0.0209674749543105,0.0706228660157182,0.0,0.0199999999999999,0.5253117675687974,1,1
0.0775895229424514,0.0384615384615384,0.0,0.2612874460855471,0.0485755576074672,0.1266941865898077,0.0,0.04,0.5001406548951661,1,1
0.056080190302326,0.022334930218364,0.0033628410698943,0.1583011908524997,0.0442611545103108,0.1136363636363636,0.0,0.0232283274270985,0.4904105415569233,1,0
0.0208780308089356,0.0276424595972614,0.0205034952683247,0.0917525188380478,0.0152341660912441,0.0,0.125,0.0287481579811519,0.31014351221176395,1,0
0.088235279555695,0.0961538461538461,0.0,0.0,0.0,0.0,0.0,0.1,0.5032143541689656,1,1
0.6815180337723732,0.3156620262668508,0.1067007926836326,0.7643498433338277,0.5618674725301191,0.8056234737613259,0.3490984146327347,0.3282885073175249,0.5301939912502625,1,1
0.0470920649870496,0.0956586193948925,0.1546405130334006,0.0,0.0,0.0,0.0,0.0994849641706882,0.3278463115528236,1,0
0.1181732518391741,0.1732334137680642,0.2807414052537911,0.3268395190162547,0.0791853204048155,0.1365485799077123,0.1255085947462088,0.1801627503187868,0.5217891085618808,1,1
0.4380348061919459,0.7275458949224606,0.7795040264163328,0.0,0.0,0.0,0.0,0.737765153812906,0.5414734614303316,1,1
0.0360930199058423,0.024287777754019,0.0164352777005619,0.1119584603052273,0.0180684030596298,0.0909090909090909,0.0,0.0252592888641798,0.5082101612587913,1,1
0.1602871371016301,0.0961538461538461,0.0,0.1964946331270259,0.1045526099623556,0.2396799038673861,0.25,0.0836225268950503,0.5009758725316104,1,1
0.1753836149995366,0.1266987890815887,0.1213282983863723,0.1703103038581979,0.098753814531474,0.1778028621707904,0.0,0.1317667406448522,0.5103785186073851,1,1
0.6869961158287953,0.313720780004974,0.0927703732491917,0.7544454159883193,0.5586627330206326,0.8238814647319755,0.3632444789903006,0.326269611205173,0.5198549720873908,1,1
0.1931728871628517,0.0913869238596184,0.0,0.1954101296256292,0.1017026228359305,0.24145318135568,0.0,0.0606409003052511,0.502284941466461,1,1
0.0782516916846531,0.0384615384615384,0.0523102421398358,0.1710146989150022,0.0433615808075605,0.0909090909090909,0.581518062881313,0.04,0.5001914875444944,1,1
0.3488445768771153,0.3063830589004637,0.1791792940819276,0.3186287029936377,0.2830897524109287,0.4105693263071197,0.0332828236722896,0.3053252517875663,0.5549479448948614,1,1
0.0770908989251822,0.0644985202895373,0.0,0.4470944776484969,0.0575965105691984,0.1062945801710902,0.0,0.0670784611011188,0.4999929977643675,1,0
0.0563568903046447,0.0192307692307692,0.0,0.1945793756467317,0.0338237536051011,0.1169958420433208,0.0,0.0199999999999999,0.4904210325871545,1,0
0.9320269334613546,0.9443558956072424,0.812201147674443,0.8806201710365448,0.972277284985316,0.93423878571765,0.9028220521963788,0.9399043672558216,0.5549479448948614,1,1
0.044148810925359,0.0268586846529663,0.0,0.1260001228538517,0.0171656138423509,0.1046215545010397,0.0,0.027933032039085,0.4579742458693866,1,0
0.2463584968958125,0.1387731958162778,0.0836153351978228,0.3225356824780108,0.1590370409010902,0.2426293346893256,0.0,0.1443241236489289,0.5139743748467042,1,1
0.3969986675984523,0.1951270158017697,0.0183256027115031,0.0,0.0,0.0,0.0,0.2029320964338405,0.5017259226203972,1,1
0.1346052408351545,0.152821063946739,0.0608342289134508,0.1197649988541302,0.0601253988213827,0.1800009769964918,0.3108342289134509,0.1589339065046085,0.5018507395253626,1,1
0.1686493871636637,0.1243549258624818,0.172923245473467,0.2942985067712998,0.1459131382643229,0.1939441785261578,0.0,0.1293291228969811,0.5240231603618386,1,1
0.1596894388636673,0.0719983894553912,0.0726631771533477,0.173157111417024,0.1024354200959433,0.2330928124618103,0.0,0.0748783250336069,0.5047783267063507,1,1
0.0345134125381975,0.0384615384615384,0.0,0.0929311047271887,0.0166957515860649,0.0650713300452046,0.0,0.04,0.6021905778221757,1,1
0.4441057192859629,0.3223215372553237,0.3637837470598515,0.0,0.0,0.0,0.0,0.3352143987455367,0.5414734614303316,1,1
0.0443055663564624,0.0237824075708092,0.0,0.1176761370037492,0.0197861672834314,0.0855298819617709,0.0,0.0247337038736415,0.48438734320501065,1,0
0.1473891484091283,0.1485207907508776,0.0,0.2118535143799383,0.0767962962599758,0.2849651939032439,0.0,0.1244616223809127,0.5007599036051202,1,1
0.2244669475201015,0.1538461538461538,0.0554895692644954,0.2543943348731414,0.1713036773350194,0.2643737510162469,0.0,0.1436755495528514,0.502175851851544,1,1
0.1351043544084187,0.1788377597422956,0.0437772808375391,0.2934881515478937,0.1175807084815241,0.2181619775726987,0.0,0.1859912701319874,0.5011727330994902,1,1
0.1659219177073486,0.0961538461538461,0.0,0.2096570328363024,0.0949788848004172,0.2433677544450727,0.25,0.07,0.5009440919338929,1,1
0.0309581263598889,0.0192307692307692,0.0,0.08013083002609,0.0190709936696911,0.0446212267256416,0.0,0.0199999999999999,0.3764026133009357,1,0
0.0548093136622254,0.050423315574572,0.0,0.1069638118649941,0.0261673043459136,0.0540451725027785,0.0,0.0524402481975549,0.4845705668664958,1,0
0.0598827386351245,0.0192307692307692,0.0,0.1696084330462567,0.0165488102759771,0.0614791900976513,0.0,0.0199999999999999,0.4582448649208895,1,0
0.0294475611675266,0.0335802396786704,0.0,0.0769929231743637,0.0223240582640051,0.0170744510356752,0.0,0.0349234492658172,0.3295398510962804,1,0
0.5740161503379679,0.8920328270514487,0.0,0.6060774710650131,0.5545011699666054,0.9245224973619002,0.0,0.9009242412942704,0.5023895180621549,1,1
0.3872980070809422,0.3319652427316715,0.3532298604207754,0.0,0.0,0.0,0.0,0.3365548155511728,0.5414734614303316,1,1
0.0771412058140907,0.0192307692307692,0.0,0.0,0.0,0.0,0.0,0.0199999999999999,0.38531073022406853,1,0
0.3057922011548493,0.2806691906388189,0.2128251304238385,0.2814428611415855,0.2573949106224002,0.3587362213558124,0.0506502608476771,0.2837919165287433,0.5549479448948614,1,1
0.4175094438896101,0.5164818067228842,0.5848255961129698,0.0,0.0,0.0,0.0,0.5371410789917996,0.5414734614303316,1,1
0.4697146850450118,0.2556755902970511,0.2315543315345838,0.6065773774905692,0.4714965994795101,0.6742901079135458,0.0926217326138335,0.2659026139089331,0.5549479448948614,1,1
0.3993482748040294,0.2884615384615385,0.2885251608403571,0.0,0.0,0.0,0.0,0.3,0.5414734614303316,1,1
0.0273462485504672,0.0158228913822441,0.0,0.0809214357934587,0.0137324910738807,0.0641543261790157,0.0,0.0164558070375338,0.6243939840918149,1,1
0.3377246082690871,0.6422059341618761,0.7906904714846974,0.4316204187635095,0.3041133550238788,0.3160769661611993,0.0930264571179122,0.657662637806083,0.5549479448948614,1,1
0.2521810673036757,0.1399200440694685,0.125,0.2459805525507484,0.1715081080702731,0.305643532199438,0.9601299283871136,0.1455168458322472,0.5264631727250173,1,1
0.2263727804132265,0.2353366629094706,0.2648441544557793,0.1368544638772995,0.1379687323416034,0.1536930347433529,0.0,0.2447501294258494,0.5018659942200684,1,1
0.0370909054504597,0.0076965940936927,0.0,0.0,0.0,0.0,0.0,0.0080044578574404,0.3304830193661284,1,0
0.1029769322175807,0.1940219314707517,0.2555712772799431,0.1755541188248377,0.0600031409327114,0.1333247578473037,0.0,0.2017828087295818,0.5046859240733551,1,1
0.0505076480565898,0.0368674745828201,0.0573192923941653,0.259023162453339,0.0572247827287371,0.1363636363636363,0.0,0.0383421735661329,0.4981603542522483,1,0
0.073581351542265,0.0769230769230769,0.0,0.2483748322204496,0.0733251489752605,0.0454545454545454,0.25,0.08,0.4997242699264961,1,0
0.0559218271721214,0.0576923076923076,0.0,0.109284991153676,0.0313352387283262,0.0454545454545454,0.0704580210491805,0.06,0.4401604323101171,1,0
0.0353811292979377,0.0154251778658987,0.0,0.1518732924477695,0.0185605868823132,0.0044975170675742,0.0,0.0160421849805346,0.3039393466334184,1,0
0.0030733419545898,0.0,0.0,0.059961083630196,0.0034331227684701,0.000502257528312,0.0,0.0,0.33269677572622536,1,0
0.1082410520527126,0.0683847122815881,0.0,0.2002083951029004,0.0709419450979965,0.1868176092451608,0.0,0.0711201007728516,0.5037989139380445,1,1
0.1664396935220549,0.0831285843899535,0.0,0.3208359863185445,0.0922556875148686,0.0887313066931421,0.125,0.0864537277655516,0.5017461410081957,1,1
0.0733258724788192,0.0769230769230769,0.0923937255219321,0.1773513796072439,0.0446305959901125,0.1106772193205791,0.0,0.08,0.4997636139640381,1,0
0.2260071720677151,0.2057417946325843,0.0,0.1959125035962642,0.0907435344882986,0.4961118947168282,0.0,0.1669857332089438,0.5036882069894373,1,1
0.3259870118490579,0.1703911259344391,0.0,0.19915103285085,0.1530012015691063,0.725434448074515,0.0101105355901675,0.1445591712498413,0.5036761871086228,1,1
0.0627289661165942,0.1010190416921008,0.15625,0.0,0.0,0.0,0.0,0.1050598033597848,0.33416137001400964,1,0
0.0321219879640924,0.0326040600597432,0.0,0.1248175588799329,0.0205987366108211,0.0592994944042432,0.0,0.0339082224621329,0.4707800288765604,1,0
0.1503279801833345,0.1523954894790429,0.0141439775793317,0.2100506992744864,0.0752697248452011,0.2885968593554755,0.0,0.13,0.5006712610053426,1,1
0.0863168590968022,0.0769230769230769,0.0,0.4181037600229346,0.0526381174945704,0.1249692339938127,0.0,0.0866486172763701,0.5008253656392377,1,1
0.0737247411134964,0.0192307692307692,0.0,0.2111300293255192,0.0458307219178814,0.1087088839412161,0.0,0.0199999999999999,0.4907092168258248,1,0
0.0567885976772999,0.0327981933300109,0.0,0.2565932514318411,0.0454306382826263,0.1042951794017922,0.0,0.0341101210632114,0.4976024340440441,1,0
0.680615578270741,0.5395838605690155,0.6576829648336538,0.999087003934702,0.8677356877462656,0.726704278413096,0.0010421562426573,0.5611672149917762,0.5549479448948614,1,1
0.0626141943114799,0.0961538461538461,0.0435578159914884,0.0,0.0,0.0,0.0,0.1,0.3333294346100846,1,0
0.909729642180492,0.878745942533167,0.69210091568961,0.8057492423346759,0.7040798099257538,0.7168678072178869,0.0960504578448049,0.9138957802344936,0.5549479448948614,1,1
0.1037876715745142,0.0384615384615384,0.0,0.2479790067332485,0.0675827503749486,0.1244136684474099,0.0,0.0373710070584301,0.5005843162718423,1,1
0.0179089523732366,0.0,0.0,0.099673841290222,0.0131506065755911,0.0473805831438839,0.0105932072913617,0.0,0.40311461336932325,1,0
0.058865081233812,0.0384615384615384,0.0,0.1463208952384418,0.0274649821477615,0.0909090909090909,0.0,0.04,0.49198654426619065,1,0
0.0256377457947123,0.0181180019661979,0.0,0.1056363426518889,0.0036317766333346,0.0428243682837405,0.2355340255605731,0.0188427220448458,0.3601078791686463,1,0
0.5416634172941203,0.6129080118864291,0.5699483565544716,0.2857248349546673,0.3299559325317124,0.3540474362371027,0.552739100695935,0.6374243323618862,0.5549479448948614,1,1
0.0998717899124121,0.0769230769230769,0.0,0.2658810823257028,0.0498962521617666,0.1063575409589169,0.25,0.08,0.5008457620688656,1,1
0.2306028386319128,0.217993462784557,0.2292393770249051,0.0,0.0,0.0,0.0,0.22,0.5414734614303316,1,1
0.1695502764365689,0.163635379070898,0.1928024969967364,0.163787867725774,0.1051376041796965,0.1174927250885355,0.0,0.1701807942337339,0.504004910054637,1,1
0.1686404361165796,0.0769230769230769,0.0,0.4041009245981211,0.1744891963287904,0.244676322537645,0.0,0.08,0.5010236295743435,1,1
1.0,0.4235605926058411,0.0,0.853719405300023,1.0,0.6558530232817041,0.0,0.4249722809504798,0.5023895180621549,1,1
0.0140411032914264,0.0,0.0,0.118888282175288,0.0060787052124932,0.0454545454545454,0.0,0.0,0.3832707770146058,1,0
0.0551391042943128,0.0384615384615384,0.0,0.1068041731934009,0.0341123602723943,0.0848650471599036,0.0,0.04,0.497904262632832,1,0
0.2539419290369361,0.171518552199696,0.2336745104238475,0.3541224276637829,0.1623156749848577,0.3081504458904301,0.0,0.1783792942876839,0.5380509480107475,1,1
0.1638154708530278,0.0584576817580202,0.0324937328567828,0.1813330060185454,0.0970838923369929,0.1618045080511625,1.0,0.060795989028341,0.5005131407590175,1,1
0.0398715539003154,0.0192307692307692,0.0,0.1000567891121678,0.0187216453131997,0.0660564021285832,0.0,0.0199999999999999,0.5593005692044977,1,1
0.0319953384611531,0.0570708470940451,0.0927401265278234,0.0981418775776749,0.0203768473557425,0.0014689068686204,0.1209605061112936,0.0593536809778069,0.3085618942788234,1,0
0.2025063203215969,0.1646062887372671,0.1199778287970886,0.2335423596138791,0.1535300621149098,0.2399892503258612,0.0,0.1711905402867578,0.5426282418927465,1,1
0.1140993049134195,0.1267075630601503,0.1930495799454883,0.0,0.0,0.0,0.0,0.1317758655825562,0.5034098244033643,1,1
0.0647106504293721,0.0537391583837192,0.0248261323735438,0.1102237053347811,0.038374570666759,0.0999367754085614,0.0,0.055888724719068,0.49924304553133503,1,0
0.0687963684509924,0.0717123530285551,0.0,0.1612794128622536,0.0568572549346463,0.0454545454545454,0.2161302946856087,0.0745808471496974,0.49944926137395657,1,0
0.1840562856797113,0.1487236490298558,0.1791759296735156,0.1074246764977915,0.1128358104736891,0.2015185198812784,0.0166481406529687,0.15467259499105,0.5029101132564318,1,1
0.1048081087732319,0.1360807765307531,0.15625,0.1505928115419688,0.0816101306687807,0.0716454717999619,0.0,0.1415240075919832,0.5006810789019362,1,1
0.1279924191241329,0.1288972910707099,0.0587832391959614,0.1586488193240163,0.0638002018331078,0.1420189006853852,0.6473005648242312,0.1340531827135383,0.5010473080473133,1,1
0.1748811896019342,0.1474401449633109,0.0,0.2053636462896114,0.0843976961763988,0.3825820323321638,0.0,0.1241697036487672,0.5010241582662405,1,1
0.4365865839826574,0.8770617532117484,0.9818386680880992,0.4663143795367697,0.4385040051048358,0.4333667806424042,0.1570640170571901,0.8953907281874514,0.5549479448948614,1,1
0.0183731761964131,0.0015542970800853,0.0,0.0761683470323158,0.0034331227684701,0.129016050166869,0.0202058620411101,0.0016164689632888,0.6216424076342506,1,1
0.0858414670357622,0.0208220850006789,0.0,0.0,0.0,0.0,0.0,0.0216549684007061,0.5064242088788679,1,1
0.0728944397788377,0.1080133186609814,0.0,0.129032657249413,0.0699327641520961,0.062575522087536,0.0,0.1123338514074207,0.4997263488017165,1,0
0.1061557175594088,0.1326312356713819,0.0,0.1177004937363989,0.0621504248320794,0.0728716247767336,0.0,0.1379364850982372,0.5002060467404184,1,1
0.3320378410422266,0.1377852742526346,0.0,0.2060032651454631,0.1657707044409568,0.6710792291578406,0.0,0.13494502783411,0.5032123040827529,1,1
0.0933304658209236,0.0305527862195121,0.0,0.2581707580777081,0.0692717995290758,0.1270169291685143,0.0,0.0317748976682926,0.5015496194516557,1,1
0.1298374382732129,0.0705229451691216,0.0625,0.1917220135734805,0.1037626241508091,0.1515271170180528,0.0,0.0733438629758864,0.5017079499736528,1,1
0.0262581832101054,0.0192307692307692,0.0,0.0775918098388729,0.0186799994699225,0.0227272727272727,0.0,0.0199999999999999,0.32695988509061835,1,0
0.1890611702064748,0.1549779961026535,0.188419621833406,0.1018378723231097,0.1135961401263626,0.2038766386666138,0.0,0.1611771159467596,0.5030101132420458,1,1
0.0570306656755884,0.0384615384615384,0.0,0.1071816999128649,0.0338841770467802,0.0909090909090909,0.0,0.04,0.4982616430420107,1,0
0.1229044393114392,0.0528765057687706,0.0,0.1995357298444253,0.0909864398521817,0.1534761795492612,0.0,0.0549915659995214,0.5008255226514802,1,1
0.1669183212159707,0.0920380557299561,0.0,0.2708322012940481,0.1653915949448242,0.1282287115028828,0.0,0.0957195779591543,0.5008535111042857,1,1
0.3330168975262906,0.5637818631312703,0.41237032672045,0.4332909028032793,0.3341000304958316,0.2045454545454545,0.8322910551766286,0.5863331376565212,0.5549479448948614,1,1
0.0862643787036216,0.0550353281090097,0.0,0.2009671112839059,0.0578887567346486,0.1363636363636363,0.0,0.05723674123337,0.50108565265073,1,1
0.149218949038998,0.0830299836144232,0.097719489349375,0.2189619177384381,0.0931304025651604,0.2427827466374998,0.0,0.0863511829590001,0.5060538434094021,1,1
0.0322674185671179,0.0384615384615384,0.0,0.1673678589934772,0.0305188629397555,0.0454545454545454,0.0,0.04,0.38238699114976954,1,0
0.0296180691323156,0.0166566900230647,0.0,0.1471565954361558,0.0162465523290261,0.0424124518454401,0.0,0.0173229576239873,0.3536417429263741,1,0
0.1553486242134683,0.0761343097215194,0.0,0.3428066149087859,0.0783985732699669,0.0245916315673178,0.1232910043966253,0.0791796821103801,0.5028283613065361,1,1
0.0860197703704302,0.0932554207556745,0.0,0.2435954607630474,0.0570695025344604,0.0278653904785769,0.0,0.0784928187929507,0.5037196300304659,1,1
0.2875769368694877,0.2442197544994818,0.1924374756193005,0.3665965881753425,0.2387442598673279,0.1607987088978803,1.0,0.2539885446794611,0.5819814690680134,1,1
0.0137500923450297,0.0192307692307692,0.0,0.0725315464414434,0.0121338446684614,0.0121442335233968,0.0,0.0199999999999999,0.33005249802358483,1,0
0.1670273038180766,0.0961538461538461,0.0,0.2107643858161452,0.0961249862529514,0.2443161533970448,0.25,0.07,0.5009598033247752,1,1
0.0122841667514854,0.0,0.0,0.092139149929698,0.0105974809384178,0.0247007783577808,0.0,0.0,0.308699457123231,1,0
0.0353190487402872,0.0272086628398947,0.0,0.1012446418537432,0.0171656138423509,0.0814806711892152,0.0,0.0282970093534905,0.5581362659171792,1,1
0.0572528893576162,0.0961538461538461,0.1305738291317357,0.0794037416573535,0.0405851327512511,0.0846845646379965,0.0,0.1,0.49830012676455715,1,0
0.2446715904322998,0.2063222383437045,0.2736587875638267,0.0,0.0,0.0,0.0,0.2145751278774526,0.5414734614303316,1,1
0.054349521452468,0.0192307692307692,0.0,0.1890023359001616,0.0193015292870234,0.0595943056982775,0.0,0.0199999999999999,0.4579748110864311,1,0
0.0308516884408384,0.0384615384615384,0.0,0.0788163567501474,0.0145601649008844,0.0509337461893098,0.0,0.04,0.44147571461894297,1,0
0.1123729064221034,0.0616354870866639,0.0,0.2113726831339738,0.0781712717280994,0.2266993944878949,0.0,0.0641009065701305,0.5030868675296066,1,1
0.0536846683641906,0.0384615384615384,0.0,0.1401897085217638,0.0257385166196662,0.0851944900110955,0.0,0.04,0.48053737993822115,1,0
0.0721904103683977,0.0052833037889597,0.0,0.0,0.0,0.0,0.0,0.0054946359405181,0.3369870403374181,1,0
0.0559218271721214,0.0537071605959989,0.0,0.1147777504761421,0.0295992960279598,0.0548739840458207,0.0,0.0558554470198388,0.48895199414106927,1,0
0.0669021544476243,0.0623761281738772,0.0548887917174495,0.1423049240020562,0.0274649821477615,0.1081009394308723,0.375,0.0648711733008323,0.49676576315995613,1,0
0.171671151559614,0.1497114550165604,0.1410624457607643,0.22040974688884,0.0978920566614405,0.1639773713440649,0.0,0.1556999132172228,0.5382622188147727,1,1
0.1209941344242017,0.1301061088662288,0.0625,0.1599003931483096,0.0639413219502547,0.1125705348229268,0.6191379415260975,0.135310353220878,0.5008408925317724,1,1
0.1014323494112001,0.0436283169620251,0.0,0.1949390068361685,0.0887483525947455,0.1031214764556957,0.0,0.0453734496405061,0.5005769246715532,1,1
0.1743702382927162,0.1153846153846154,0.0916701804346592,0.1698709624050675,0.0928466406346489,0.2050496532279614,0.0,0.1188907628984849,0.5215320395795802,1,1
0.1059787475082894,0.1248941453834169,0.0,0.0,0.0,0.0,0.0,0.1199266074658357,0.5032961057654991,1,1
0.0960058468214472,0.1254574866002112,0.15625,0.1384006623279699,0.0791251668718137,0.0898277589449551,0.0,0.1304757860642197,0.5006998325610813,1,1
0.0324104398976483,0.0192307692307692,0.0,0.0843736511864606,0.01489033582764,0.0720142843167613,0.0,0.0199999999999999,0.6246851590287964,1,1
0.1118436543442429,0.0621367107516191,0.0288541162285358,0.1167009588801755,0.0338048044446109,0.0891666299843897,0.5384721549713811,0.0646221791816839,0.5002516376226318,1,1
0.0027021171530924,0.0,0.0,0.0662004806897146,0.0040634930815261,0.0083461029448608,0.0,0.0,0.33269677572622536,1,0
0.1701220151401118,0.4973982371754766,0.7277573784700497,0.3099835963466508,0.2067570160736099,0.2214497755345132,0.0,0.5160131172800885,0.5381406346889631,1,1
0.2060277843183422,0.1679764486519819,0.0,0.1973271625672977,0.080782921382154,0.2894267120432514,0.0,0.0973477532990306,0.5025589591903425,1,1
0.0917118408975045,0.0,0.0,0.5781762667358903,0.101411345540429,0.1060331200964303,0.0520455401325917,0.0,0.6167448064380882,1,1
0.134860160718521,0.138075226812986,0.0737444871422045,0.2405424100048072,0.1051914872680904,0.0990868997397851,0.0,0.1435982358855054,0.5120484372380623,1,1
0.02531130846747,0.0099991160188754,0.0,0.1302556648367208,0.0155175571030675,0.0454545454545454,0.0,0.0103990806596304,0.38252221001601794,1,0
0.223356195259333,0.2722870854359587,0.1051339446662687,0.5300329591147299,0.1703380711341394,0.0872970808484125,0.0,0.283178568853397,0.6865619787020378,1,1
0.2166726707046376,0.1964486872318402,0.28125,0.0,0.0,0.0,0.0,0.2043066347211138,0.5396132715190042,1,1
0.8237290612314302,0.62483645335507,0.0399600848108901,0.7636548600546913,0.7266458836290692,1.0,0.0,0.5019680678487122,0.5010623688149008,1,1
0.4430610410944437,0.407595294855397,0.3011035210198604,0.2910023707129058,0.3166663369932031,0.549885348465469,0.0487388331201595,0.3883026800511617,0.5549479448948614,1,1
0.0199399326895072,0.0192307692307692,0.0,0.0544569269753534,0.0037656170740297,0.0249283850300766,0.0,0.0199999999999999,0.32982495171403053,1,0
0.3366574531666548,0.5106802578629929,0.3630394910030404,0.3782586347295343,0.3035965147021151,0.1697512465542993,0.9228420359878384,0.5311074681775125,0.5739176058650268,1,1
0.0944716457927304,0.0192307692307692,0.0,0.2063028118716136,0.0613266927892289,0.1368076653388096,0.0,0.0199999999999999,0.5035915612859148,1,1
0.2210232456909449,0.219075233662656,0.2690027452981839,0.0,0.0,0.0,0.0,0.22,0.5402073983740436,1,1
0.3901546015948595,0.6469179203743729,0.7244756752534817,0.0,0.0,0.0,0.0,0.6600617507569022,0.5414734614303316,1,1
0.2626145572088793,0.173076923076923,0.1909259755338891,0.2651288757652154,0.1559960342911895,0.2601178270785858,0.0,0.18,0.5406662061677885,1,1
0.0912438868659189,0.1503460734211026,0.0,0.1055288057949215,0.0589879297655267,0.0310001900955754,0.0,0.1563599163579468,0.5024406990641637,1,1
0.0696116389361493,0.0734770942701791,0.0,0.1181817394353008,0.0418457282985379,0.0641092932283935,0.1592003709187214,0.0764161780409863,0.49960557519343424,1,0
0.2276187653149646,0.187254452586453,0.1279653941811944,0.2631026775157771,0.1410085939230565,0.25,0.0,0.1947446306899111,0.5519326764478318,1,1
0.2077079870575836,0.1365034443301498,0.1421590485182467,0.1817703452262777,0.1305959388849998,0.2442147218845336,0.056363805927013,0.1419635821033558,0.5255765515443561,1,1
0.0911961853589709,0.1119412030155105,0.0,0.2539084615480942,0.0552373273880688,0.1197405946543223,0.0,0.12,0.5006621863221469,1,1
0.3094140779666664,0.4885400210945403,0.5565050685572562,0.419258212998249,0.3196447461046894,0.224860871696042,0.4387753427862809,0.508081621938322,0.5549479448948614,1,1
0.2699329540974071,0.1923076923076923,0.148874288745309,0.3417735971731006,0.1773730291544389,0.3647091943643187,0.0,0.1999999999999999,0.551411493746902,1,1
0.2011005986978216,0.1981222717020488,0.1969486915158292,0.0,0.0,0.0,0.0,0.2060471625701307,0.5374749669224989,1,1
0.0535776083833473,0.0384615384615384,0.0,0.0967189757720193,0.0268268089031326,0.0728074596437755,0.0,0.04,0.50545886438072,1,1
0.2412752431401336,0.3628053601631625,0.4738316490067285,0.3082133562332802,0.1679438808565374,0.207593665261717,0.0,0.3773175745696889,0.5549479448948614,1,1
0.4826936661172589,0.3188285740348635,0.4457271462453226,0.7510518136802955,0.4802754734452439,0.8947296033052345,0.0197385731226612,0.331581716996258,0.5549479448948614,1,1
0.0613748747126696,0.0858108561032539,0.1081926411677876,0.0,0.0,0.0,0.0,0.0892432903473841,0.3305849237658308,1,0
0.2250519538643837,0.2128122303433051,0.1332794972314832,0.0,0.0,0.0,0.0,0.22,0.5407556609921589,1,1
0.2696995228065778,0.2692307692307693,0.2457005062745656,0.2332302704271983,0.2443507868879306,0.3171395166726219,0.1307326583005791,0.2609172253280926,0.54252832208381,1,1
0.0205040189409486,0.0311693400850402,0.0,0.073133801957362,0.0102993683054105,0.014109220100502,0.0,0.0324161136884418,0.3292978388713387,1,0
0.0432506087133588,0.0894728190725882,0.0733566690070442,0.0,0.0,0.0,0.0,0.0930517318354917,0.32835425820500297,1,0
0.0280671193267317,0.0152090232484901,0.0,0.1422886733383465,0.0157296704814713,0.0407015729300337,0.0,0.0158173841784297,0.33829933229065273,1,0
0.2621189944116497,0.3288798139931021,0.4719296977387909,0.0,0.0,0.0,0.0,0.3052210039316957,0.5414734614303316,1,1
0.2245472802793655,0.2171573836099476,0.09375,0.2341345272692202,0.1567510189149387,0.1973437822934793,0.0823045986929318,0.2258436789543455,0.5270889009293149,1,1
0.037119702878921,0.0576923076923076,0.0769605182276853,0.0825603044669544,0.0169097540736468,0.0366315965941411,0.125,0.06,0.3279128418039016,1,0
0.2550522262463985,0.2042238946740247,0.1537574474364732,0.1637974801724326,0.1754264371575333,0.1731736937056655,0.634970210254107,0.2123928504609856,0.5062959970673706,1,1
0.1377833603623493,0.0816481092721642,0.0625,0.2016597290658786,0.1103829268762304,0.1646750382307395,0.0,0.0849140336430507,0.5063743791522315,1,1
0.0594563852917672,0.0192307692307692,0.0,0.2123993687232006,0.0446305959901125,0.0772795565661427,0.0,0.0199999999999999,0.49045428723236717,1,0
0.3316970015383357,0.6645828972610905,0.8037809948977379,0.4290121048474759,0.2994794000178893,0.2991518449807024,0.0872084467121164,0.6790729160994113,0.5549479448948614,1,1
0.0578051137723728,0.0192307692307692,0.0,0.1956066504390565,0.0321344910213491,0.1281787603477591,0.0,0.0199999999999999,0.490443509517537,1,0
0.4696609716559234,0.3537115948548877,0.3314686583608076,0.0,0.0,0.0,0.0,0.3678600586490831,0.5414734614303316,1,1
0.0373938984259999,0.0079165618145678,0.0,0.0,0.0,0.0,0.0,0.0082332242871505,0.3303367295925063,1,0
0.0552462675252162,0.0216477383681842,0.0,0.1278845667293721,0.0171656138423509,0.159339052780212,0.0,0.0225136479029116,0.45889776591573195,1,0
0.1621480348751625,0.0967398482640081,0.0966067602870395,0.3439152274569605,0.161252155624387,0.2045454545454545,0.0,0.1006094421945684,0.5104463412140362,1,1
0.0454151001050103,0.0384615384615384,0.0608193968293815,0.0,0.0,0.0,0.0,0.04,0.32799522523492947,1,0
0.1977411020593132,0.0884987576065569,0.0,0.2986763930188985,0.1242591108671279,0.2091788816154982,0.17475807555738,0.0920387079108192,0.501400779650214,1,1
0.2023394977271599,0.1624557333040892,0.107740566619145,0.2231936789589798,0.1529535219314311,0.1865728971079417,0.0,0.1689539626362528,0.5392938112156733,1,1
0.073581351542265,0.0384615384615384,0.0,0.2152422491944984,0.054929964295523,0.1363636363636363,0.0222761703944438,0.04,0.49969975605772904,1,0
0.0527710861580694,0.0318253340803387,0.0,0.1064577764509476,0.0262802711211809,0.0909090909090909,0.0,0.0330983474435522,0.48979037145868487,1,0
0.0176595243701436,0.0125457843368714,0.0,0.0943307888036641,0.0137324910738807,0.0158008733855765,0.0815475981896645,0.0130476157103463,0.30964272479283417,1,0
1.0,1.0000000000000002,0.9681953185148348,0.9858158536438032,1.0,0.6027938585846028,0.1210244148143543,1.0,0.5549479448948614,1,1
0.0622762916045094,0.0874752944078347,0.0907052931745369,0.1149617080443808,0.0527116659996489,0.057925347936532,0.0,0.0909743061841481,0.498997017948202,1,0
0.0484623749007165,0.0487389135333177,0.0,0.066327909365995,0.0224334781094908,0.0560358294606244,0.0,0.0506884700746504,0.49957084855394307,1,0
0.0359192469933125,0.0068459900821535,0.0,0.0,0.0,0.0,0.0,0.0071198296854397,0.33108704142469203,1,0
0.4620037202291843,0.2124606801166025,0.0,0.6706905933069273,0.4319149221908349,0.6960187367647053,0.0,0.2209591073212666,0.5023895180621549,1,1
0.1078518424520196,0.0793990076596085,0.0544532251062722,0.1764488479827415,0.0832789645584977,0.1224146635204302,0.0,0.0787125160170035,0.5015765076062442,1,1
0.4339440062811247,0.4805826642294321,0.5303404881184812,0.342716996211004,0.3019815784115684,0.4090909090909091,0.2087375608362305,0.4998059707986093,0.5549479448948614,1,1
0.0204990237050861,0.0061842839361544,0.0,0.2485493868129633,0.0204777131764627,0.0535644197872714,0.0,0.0064316552936005,0.47350109888973285,1,0
0.1742847129429299,0.4665706790417314,0.6899091918035168,0.3036679384866204,0.2018683822405457,0.2251752139493467,0.0,0.4852335062034006,0.5393363892067811,1,1
0.1730970506844917,0.0876262272659831,0.0,0.0,0.0,0.0,0.0,0.0911312763566224,0.501036742439991,1,1
0.027035280728536,0.044465678517383,0.0625,0.0871608161728778,0.0137324910738807,0.0525503473387253,0.0390269103629896,0.0462443056580783,0.4607865978621923,1,0
0.3168384683631088,0.1627890184491965,0.0479678450200557,0.0,0.0,0.0,0.0,0.1693005791871643,0.5002750319653132,1,1
0.2564565924058098,0.1640205183048349,0.1317222370755947,0.2382910878077786,0.1353687969405313,0.2798626219416451,0.0,0.1705813390370283,0.5441452635251989,1,1
0.0290444493297438,0.0576923076923076,0.0583794407585556,0.1096348237434007,0.0218940056483179,0.0171493620564578,0.0778392543447409,0.06,0.30562754043723694,1,0
0.1442270868388969,0.0963534634141266,0.0,0.1714126264421641,0.1063822606360948,0.2271547716189251,0.2496756219520441,0.1002076019506917,0.5013079245202017,1,1
0.0337685555337365,0.0435268804986312,0.0707311808102758,0.0896765910355592,0.0231275824432544,0.0394682321379812,0.0,0.0452679557185765,0.3317945939509626,1,0
0.0176595243701436,0.0176054421599868,0.0,0.0910061265488672,0.0137324910738807,0.0038416821673037,0.1144353740399147,0.0183096598463863,0.31029274641948124,1,0
0.0571071400922549,0.0424647260237251,0.0251701198590355,0.149502271240412,0.0418654084197707,0.1136363636363636,0.0,0.0441633150646741,0.498275315709874,1,0
0.1469200081681212,0.1733412116179458,0.0,0.1917428720043698,0.089261191980225,0.1796317947969933,0.125,0.1795877098760044,0.5008163858411644,1,1
0.0137831211147182,0.0192307692307692,0.0,0.0725285870590339,0.0121415498694978,0.0121952419542575,0.0,0.0199999999999999,0.3300561881503895,1,0
0.1785704064623158,0.344693110752066,0.3773736950278927,0.1719156397772471,0.167701467722517,0.1205416582629606,0.1155052198884291,0.3584808351821486,0.5216737566778449,1,1
0.2128949941287445,0.2115384615384615,0.3051213583400811,0.0,0.0,0.0,0.0,0.22,0.5390965750210228,1,1
1.0,1.0000000000000002,0.0,0.5706405103309972,1.0,0.2345383605127977,0.0,1.0,0.5023895180621549,1,1
0.0670514239044083,0.0090141201158935,0.0,0.0,0.0,0.0,0.0,0.0093746849205293,0.3333893618417716,1,0
0.275662509628809,0.0800297727725845,0.0,0.2046270900026348,0.0881962550344609,0.7055366461304603,1.0,0.0616154818417439,0.5036812141708067,1,1
0.0382623028019778,0.0192307692307692,0.0,0.0923390437303475,0.0205987366108211,0.0909090909090909,0.0,0.0387531727497751,0.5895546588813096,1,1
0.2083350412685618,0.1595284266117779,0.1076005398662087,0.2322512311338301,0.1539833181409423,0.2339881405411921,0.0,0.165909563676249,0.5422142467575066,1,1
0.1236262246032134,0.182067928570194,0.0,0.2065853630562623,0.08651915142981,0.0227272727272727,0.1083603839265652,0.1460064921423756,0.5306480350515701,1,1
0.1512234604554783,0.133432759303654,0.15625,0.2406998760991645,0.092483189658713,0.151981034213712,0.0,0.1387700696758001,0.5229340677285398,1,1
0.0389163037531438,0.0222222947570456,0.0097224579603982,0.1212666543391776,0.0240318593792913,0.0944445301674175,0.0,0.0231111865473274,0.4768834940553194,1,0
1.0,1.0000000000000002,0.3748081160042937,0.3088048209815959,0.9323677747281442,0.7780689329167024,0.0,1.0,0.5549479448948614,1,1
0.0745679117025827,0.0780950827974459,0.0,0.1815580978864003,0.0651247179595796,0.0475321922318359,0.25,0.0812188861093437,0.49978461295735227,1,0
0.1012673056654599,0.0769230769230769,0.0625,0.1667847309222321,0.0796597428125799,0.1136363636363636,0.0,0.08,0.5005776335116852,1,1
0.4603134367779882,0.4162664101770553,0.2024695842359962,0.3212003037295572,0.3662019587153932,0.5601330302092472,0.1614633323017186,0.3612488002475875,0.5549479448948614,1,1
0.0187867406258078,0.0152755320193877,0.0,0.0839678870365,0.0102993683054105,0.0227272727272727,0.0,0.0158865533001633,0.3181311039669649,1,0
0.1852816939447703,0.0637424519153354,0.0,0.0,0.0,0.0,0.0,0.0662921499919488,0.5019187547332499,1,1
0.072480421294625,0.0050498998828111,0.0,0.5133377200073845,0.1181098372871385,0.0562456911860826,0.0328243492382726,0.0052518958781236,0.5008024650689599,1,1
1.0,1.0000000000000002,0.9088580607620208,0.8548611161545279,0.9835538989070712,0.684064225774802,0.1022145151905052,1.0,0.5549479448948614,1,1
0.025736224487652,0.0192307692307692,0.0,0.0770681104319418,0.0182233751851945,0.0227272727272727,0.0,0.0199999999999999,0.3276563057632821,1,0
0.0388614019584107,0.0222940387331167,0.0099556258826293,0.1213025235680417,0.0240318593792913,0.0945293185027743,0.0,0.0231858002824413,0.4766820508931091,1,0
0.1992432371248205,0.1696459873572286,0.0,0.0,0.0,0.0,0.0,0.1764318268515177,0.5013475161025075,1,1
0.1578073078043674,0.2088203412295751,0.2790415272490297,0.1662683242111746,0.1326786746767532,0.1363636363636363,0.0,0.2171731548787581,0.5202856819189168,1,1
0.2169167919550546,0.1820467850596077,0.1947880128609312,0.0,0.0,0.0,0.0,0.189328656461992,0.5380184564476344,1,1
0.1307666253908128,0.1159380883237457,0.0,0.2165698856477904,0.0845519518775298,0.2207871436679841,0.0,0.0905756118566956,0.5010685662730109,1,1
0.062268013749166,0.0293467318955662,0.0,0.191077938695331,0.0377643504531721,0.0909090909090909,0.0,0.0305206011713888,0.4909128901778901,1,0
0.6973347471406389,0.6507852774275853,0.2096940189549565,0.4349299638295623,0.4668764302332506,0.6788494131891858,0.6892837346306083,0.644571903688654,0.5549479448948614,1,1
0.4319588264932021,0.4817986822908706,0.5362685761679943,0.3459652517378944,0.3028499241846363,0.4090909090909091,0.2061028550364469,0.5010706295825055,0.5549479448948614,1,1
0.0461612935136912,0.0384615384615384,0.0,0.1581155823041534,0.0291114463806448,0.0691099044657159,0.0,0.04,0.500139818953748,1,1
0.0904821186648588,0.0272269329862659,0.0,0.2463490755674632,0.0609468499524253,0.104186351925322,0.0,0.0241580051528583,0.5019255179029054,1,1
0.1575405641679817,0.1356290403542375,0.1381542141365461,0.300537957867453,0.1488884398309153,0.2165080693002312,0.0,0.1410542019684069,0.5344975668889157,1,1
0.3244377474211257,0.2544417127654182,0.2151411083780976,0.2794562680103902,0.2552405025944193,0.3059531392637159,0.1105644335123906,0.2601968039355393,0.5549479448948614,1,1
0.2132162767132867,0.2082101755899708,0.2133415353337025,0.0,0.0,0.0,0.0,0.2082692913067848,0.5391404575600257,1,1
0.0176595243701436,0.0083757972591799,0.0,0.0970708552518049,0.0137324910738807,0.0256572064783018,0.0544426821846698,0.0087108291495471,0.30757770973564685,1,0
0.1371722201749354,0.0457456274221401,0.0,0.0,0.0,0.0,0.0,0.0475754525190257,0.5015491659562278,1,1
0.5969958799998485,0.7314811827855242,0.0,0.5051880687706503,0.4501203807832377,0.9096518409825344,0.0,0.6223872282094588,0.5023895180621549,1,1
0.1927675740439579,0.0769230769230769,0.0,0.4246079517097598,0.1894986925884371,0.3067781133119332,0.0,0.08,0.5013734374539275,1,1
0.0340527993608008,0.0309145235056456,0.0,0.1166260096809112,0.0192514255091099,0.0454545454545454,0.0,0.0321511044458714,0.3834705057835142,1,0
0.8111112662690876,0.741904919682593,0.916003602809025,0.8345011602923,0.7155205855960387,0.6242299757451801,0.1889117111338363,0.7715811164698967,0.5549479448948614,1,1
0.1162224331438149,0.1056681364143619,0.0781797594422206,0.3915485517429862,0.1184848465911059,0.0681818181818181,0.0622809622311175,0.1098948618709364,0.5034971134865809,1,1
0.0215487224073571,0.0063528554092483,0.0,0.0938808595748919,0.0137324910738807,0.0529624654836571,0.0,0.0066069696256182,0.46592900366220624,1,0
0.298877435481267,0.092328374447685,0.0,0.2214104620220361,0.1021015677404475,0.7394509719617982,1.0,0.0680107547127962,0.5028975090547909,1,1
0.0295212427964925,0.0955742797589173,0.0,0.2698565818035821,0.0342277621102158,0.0,0.0,0.099397250949274,0.31473777200823927,1,0
0.0496625147499333,0.0384615384615384,0.0,0.0980495882206454,0.0232582642209813,0.0681818181818181,0.0,0.04,0.5191746779914479,1,1
0.0074716644728742,0.0,0.0,0.0794868152620124,0.0034331227684701,0.0288474172875428,0.0,0.0,0.32847127883078214,1,0
0.2027974994303916,0.0098498115229088,0.0,1.0,0.3593883931430597,0.123614750091902,0.0,0.0102438039838252,0.5027561375503093,1,1
0.1315682688829534,0.1509772599583874,0.1156760948647591,0.2580834513815674,0.1005848838379828,0.1261921034888281,0.0186478102704817,0.1570163503567229,0.5130452870300339,1,1
0.2364950273668487,0.2290790841434588,0.2472535117331205,0.1289815446668684,0.1326848719508354,0.1670806931400131,0.0,0.2382422475091971,0.5024033913358372,1,1
0.0142311906064482,0.0,0.0,0.0503117478196908,0.0034331227684701,0.0549453331868961,0.0,0.0,0.49208900941126815,1,0
0.086331993547552,0.1143143559739043,0.1510324853727835,0.1231282772194224,0.0740001788146942,0.1111066595746829,0.0,0.1188869302128605,0.5006933806737,1,1
0.4565098944929145,0.3208582321268531,0.3651446272061363,0.0,0.0,0.0,0.0,0.3336925614119272,0.5414734614303316,1,1
0.1207291203213569,0.1296504348197584,0.0625,0.1599581942096835,0.063811165122919,0.1124628300483065,0.6185455652656859,0.1348364522125487,0.5008452158426033,1,1
0.4167071548362008,0.9349405363462387,0.1034413182588168,0.6074932489481567,0.6467193736366226,0.1157093728895864,0.9931590694643646,0.9723381578000884,0.6040022137866399,1,1
0.0930247147258863,0.0710954127378158,0.0,0.1616945411241195,0.0471276669826358,0.1205236031280358,0.0,0.0739392292473284,0.5006336338780525,1,1
0.0559218271721214,0.0576395295147768,0.0,0.1155304603398352,0.0274932484059832,0.0455792938741638,0.0,0.0599451106953678,0.431050514502727,1,0
0.0720598402250708,0.0868643977909595,0.1346927878461855,0.1384518241133721,0.055878439442523,0.0454545454545454,0.0,0.0903389737025979,0.49964626463315986,1,0
0.0382623028019778,0.030307661880878,0.0,0.1054656943748687,0.0205987366108211,0.0778182177771441,0.0,0.04,0.5423770768905761,1,1
0.0122592676413613,0.0015885459022013,0.0,0.0911014513241207,0.0102993683054105,0.0227272727272727,0.0,0.0016520877382893,0.30932439602848394,1,0
0.1560860608617424,0.0962557693538001,0.1248343748000748,0.1661570813427461,0.0995241691403622,0.2045454545454545,0.0,0.1001060001279521,0.5202618213652415,1,1
0.4997006445264653,1.0000000000000002,1.0,0.3193439722589094,0.4949688610937368,0.3420424016843117,0.3905830231592859,1.0,0.5549479448948614,1,1
0.1407031148000355,0.0482548311681003,0.0,0.0,0.0,0.0,0.0,0.0501850244148243,0.5014931981165337,1,1
0.1978362115229154,0.0139018480119572,0.0,1.0,0.3998976291225596,0.0996708981111618,0.0,0.0144579219324355,0.5042906311761647,1,1
0.2688438848068846,0.2431100566597444,0.2555980789639577,0.0,0.0,0.0,0.0,0.2528344589261341,0.5414734614303316,1,1
0.2210294620343709,0.1129582516028118,0.0849517897136423,0.0,0.0,0.0,0.0,0.1174765816669242,0.5061345423289895,1,1
0.2510767743025456,0.174424489694035,0.0,0.2721588025029371,0.1648776125400767,0.3969309833626157,0.0,0.1814014692817964,0.5017248950163281,1,1
0.0675572138222651,0.0283965285408925,0.0,0.2167081473630045,0.0413580095844107,0.0909090909090909,0.0,0.0295323896825282,0.4909543230941014,1,0
0.0563969197118476,0.0384615384615384,0.0,0.1098552670820259,0.0361018527743334,0.0909090909090909,0.0,0.04,0.4981488837201584,1,0
0.0482992557107926,0.0537485084586642,0.0,0.0828487237945554,0.0240318593792913,0.0501153990943058,0.0,0.0558984487970108,0.43508426641227793,1,0
0.2055567763495441,0.2109229628173891,0.2782494437347719,0.0,0.0,0.0,0.0,0.2193598813300847,0.5380884983235295,1,1
0.1826190996476497,0.063250913868524,0.0444345299272967,0.3091518034165343,0.1353402394866568,0.2464502253487953,0.0722618802908129,0.065780950423265,0.5006825009133297,1,1
0.0818166579625419,0.0076733433591661,0.0,0.0,0.0,0.0,0.0,0.0079802770935327,0.5012847705877425,1,1
0.0333139983562148,0.0384615384615384,0.0,0.1272758743164542,0.0196932408119282,0.0574433098318869,0.0,0.04,0.4585731407003053,1,0
0.0190433246315601,0.0,0.0,0.0864818274661197,0.0105042572314001,0.0561399994731564,0.0587699971023604,0.0,0.509128277373332,1,1
0.2356731250189675,0.2138786593641025,0.2317018809777777,0.0,0.0,0.0,0.0,0.2082892038257777,0.5414734614303316,1,1
0.2203254179081035,0.1538461538461538,0.0719793282602661,0.2442282442274836,0.1640574223519837,0.2483836816870146,0.0,0.1507111800577135,0.5094996335441794,1,1
0.4741208211078102,0.2951761676607443,0.3125,0.0,0.0,0.0,0.0,0.306983214367174,0.5414734614303316,1,1
0.0996753972218458,0.0384615384615384,0.0316314972724591,0.1699785689843898,0.0547204079799728,0.0909090909090909,0.7469480218203265,0.04,0.5002247940718312,1,1
0.8417378331562249,0.7893884767614823,0.9766299301508212,0.7958738353108509,0.6797966005453188,0.600179862419509,0.2330035855642335,0.8209640158319416,0.5549479448948614,1,1
0.1572251226122439,0.0515261116892401,0.0,0.0,0.0,0.0,0.0,0.0535871561568097,0.5018298020725358,1,1
0.1135015851935112,0.1881086402437249,0.21875,0.1297991218888605,0.0805660736297138,0.15482349556555,0.0,0.1956329858534739,0.52965633945134,1,1
0.0882523571088767,0.0840236631059595,0.0230769050943685,0.0785011406291668,0.0437327003674119,0.1541958434304687,0.0,0.0873846096301979,0.5016317838777603,1,1
0.2247461490789597,0.2709896933761885,0.1135669930547749,0.5282408425101422,0.1738122739857624,0.0888303623735954,0.0,0.281829281111236,0.6884285626206502,1,1
0.0439646458130544,0.0961538461538461,0.0,0.1983610998705758,0.026797540264513,0.0498730107216502,0.0,0.1,0.4306255092093032,1,0
0.0572494643869525,0.066366885002135,0.0281923762569389,0.1240657772983498,0.0321108008113603,0.0762098650075697,0.0,0.0690215604022204,0.49829955821857363,1,0
0.1683082936161639,0.1884282603398032,0.0498918461043602,0.1627859242895582,0.078298962679624,0.1999606713106764,0.2247836922087205,0.1959653907533952,0.5046043887563698,1,1
0.1934844778417686,0.0769230769230769,0.0,0.3865739214283592,0.1944206842359249,0.275168847438159,0.0,0.08,0.5013839277009853,1,1
0.2347829245426264,0.1470870683659494,0.0,0.300885452492737,0.1953863357894713,0.3181818181818182,0.0,0.1164852755502937,0.5015238434633315,1,1
0.1555007906776904,0.0822624912862315,0.0260296450203788,0.3782032440160158,0.1638366879055062,0.2045454545454545,0.0,0.0855529909376808,0.5008094491097403,1,1
0.1708284185637359,0.1922034269456027,0.1872458531799066,0.2405593778447942,0.1510667086631908,0.2726040500266213,0.0,0.1998915640234268,0.538344015424839,1,1
0.0763766641827315,0.0192307692307692,0.0,0.2151672447679846,0.0468618230141957,0.1109841803604163,0.0,0.0199999999999999,0.4907801894918198,1,0
0.1652960995811414,0.1062852653643867,0.1085364437828716,0.1677330237752116,0.0959431900648987,0.2045454545454545,0.0,0.1105366759789621,0.5208009930121633,1,1
0.0481616102945165,0.0268057330566184,0.0,0.1310243729521332,0.0253841599798961,0.0909090909090909,0.0,0.0278779623788832,0.45798029012232183,1,0
0.0925358307341498,0.1074726711525562,0.0,0.2538526190518854,0.0577548825876617,0.1042858840893846,0.0,0.1117715779986585,0.50043093003369,1,1
0.2523748962526312,0.3743558413352466,0.5458282421697757,0.0,0.0,0.0,0.0,0.3335980449931938,0.5414734614303316,1,1
0.2983688822680939,0.5103390996100052,0.5433862699917726,0.5311771025879615,0.3252259458239097,0.3066528499962603,0.0,0.5307526635944053,0.5549479448948614,1,1
0.033823725721384,0.0241158745086784,0.0,0.0969120700710114,0.0162935132022408,0.0793624784340326,0.0,0.0250805094890256,0.5792740769193803,1,1
0.0747837246672236,0.0769230769230769,0.0255323933084948,0.1282877248582682,0.0617962098324634,0.1001935975667253,0.125,0.08,0.49983405396837793,1,0
0.0419950780892399,0.0205204217865393,0.0,0.0929525133305237,0.0176260775398244,0.0469786802931828,0.0,0.0213412386580009,0.3990748854766487,1,0
0.0355059267270963,0.038984837896689,0.0,0.0964252754383305,0.017196754063247,0.0683879664441502,0.0,0.0405442314125565,0.5877087841674333,1,1
0.0412791648524434,0.023173111731793,0.0,0.0915833426270253,0.0213025329924925,0.0862499588624264,0.0,0.04,0.5963731437757769,1,1
0.013194860078128,0.0,0.0,0.0819416232922463,0.0034331227684701,0.0846506475049363,0.0,0.0,0.6241383287025615,1,1
0.0737978295750243,0.0769230769230769,0.004596911025643,0.1200429998918656,0.0617962098324634,0.0925806949184156,0.125,0.08,0.4998069159506873,1,0
0.2612476757697585,0.2392921750288953,0.2587001077890226,0.0,0.0,0.0,0.0,0.2488638620300511,0.5414734614303316,1,1
0.5487726155813022,0.6455220808523694,0.4597322542567336,0.2951256441421601,0.4067253464583726,0.2781925731777372,0.0,0.6713429640864642,0.5549479448948614,1,1
0.4195251414050662,0.3028439258843977,0.2586650866790242,0.3690205997067858,0.2717649281199128,0.3771968022560356,0.0,0.3149576829197735,0.5549479448948614,1,1
0.2365381068237366,0.1983031451674994,0.0,0.1952696412005926,0.0970513703090757,0.5202875054783543,0.0,0.1631176354870996,0.5039881975362145,1,1
0.039002548193713,0.0192307692307692,0.0,0.1641000630104178,0.0197421790880434,0.0113408216015766,0.0,0.0199999999999999,0.3029734715256172,1,0
0.058865081233812,0.1115740668523449,0.1687789293175302,0.0788934257085001,0.037076136813099,0.0817971423145234,0.0,0.1160370295264387,0.49855666599595827,1,0
0.4485644150405269,0.471626960960031,0.4866814346801508,0.31879431482615,0.2955864044207849,0.4090909090909091,0.2281415845865996,0.4904920393984321,0.5549479448948614,1,1
0.0631056776537425,0.0071694225687747,0.0,0.4326870658090265,0.0822217287329386,0.072418295154276,0.0,0.0074561994715257,0.4912094240605065,1,0
0.4530727787295588,0.2353017643474038,0.2904038988064062,0.5718385069399226,0.4559462438322738,0.6683497907564774,0.125,0.24235691746065,0.5549479448948614,1,1
0.0431552106274965,0.0192307692307692,0.0,0.1836001309515985,0.0196803174696499,0.0454545454545454,0.0,0.0199999999999999,0.3824325800687229,1,0
0.2795694826792077,0.1869922767574529,0.0086375502691391,0.319310652797042,0.185974990298553,0.3737999268812522,0.0,0.1944719678277509,0.5020757487169398,1,1
0.1438110412289122,0.4715737998988184,0.4703565704097036,0.2230804637796564,0.1496188647057208,0.1423815074814995,0.0854754272129381,0.4904367518947712,0.5301126389377842,1,1
0.0856985320286361,0.0542958970848055,0.0,0.2483518311172983,0.0521031768456127,0.1270069699044331,0.1764616655256179,0.0564677329681977,0.5012329350694442,1,1
0.2015752216341285,0.1984041910881321,0.1974068105182146,0.0,0.0,0.0,0.0,0.2063403587316573,0.5375404326479295,1,1
0.2388852137070085,0.2065434037212462,0.1219967875811899,0.2246376230516785,0.1532688622497349,0.2331759774203453,0.0685064248376201,0.214805139870096,0.5397612157672598,1,1
0.2287106687745168,0.2527859650111287,0.1742486845719395,0.366977782703668,0.1456469448424122,0.3084644338702125,0.0892228068569157,0.2628974036115739,0.5545078854260427,1,1
0.0897839307764815,0.1231025042082944,0.0,0.1787895154277778,0.0707291792373211,0.0227272727272727,0.0125415693384783,0.1230099766412348,0.5475527732389179,1,1
0.2361485395434219,0.2212229581398586,0.3477404802329527,0.3618194609757184,0.1673709039811734,0.3323659441859509,0.0,0.2300718764654529,0.5549479448948614,1,1
0.1896723132010687,0.210008420695591,0.1875,0.2093591488272639,0.1589573423867987,0.2936463153675167,0.0,0.2184087575234146,0.5347773527258134,1,1
0.0559218271721214,0.0576923076923076,0.0,0.1093117246161525,0.0313186990154603,0.0454545454545454,0.0701569155764576,0.06,0.43993620072867257,1,0
0.0402933097373895,0.0192307692307692,0.0,0.1131544749359514,0.0186161553456943,0.0909090909090909,0.0,0.0199999999999999,0.5044398623878688,1,1
0.0412055568636684,0.0192307692307692,0.0,0.102487549116407,0.0196056196911452,0.0616073841735634,0.0,0.0199999999999999,0.5453122851811019,1,1
0.4254701888731364,0.2959900405807981,0.3859028956627816,0.0,0.0,0.0,0.0,0.30782964220403,0.5414734614303316,1,1
0.092366051790258,0.0666950484675351,0.0,0.164430575416561,0.0745777339941539,0.1029967609020039,0.0585178150389782,0.0693628504062365,0.5008128172084041,1,1
0.2458608023700972,0.2474377264465071,0.2437544582133609,0.4975600002850225,0.2236153009237056,0.1181785758448284,0.0166547780977042,0.2573352355043673,0.6417320109212572,1,1
0.0581910013217423,0.0384615384615384,0.0,0.0916124109608078,0.0377643504531721,0.0733869407028362,0.0963718261344004,0.04,0.4984539628887192,1,0
0.1620476664895955,0.0384615384615384,0.0,0.1590252833770365,0.0579704881746794,0.3194844356023865,1.0,0.04,0.5041507992203834,1,1
0.1469799534793227,0.1127510824283247,0.0,0.2261730093817218,0.0896602812131693,0.1813477954101114,0.25,0.0829458442940932,0.5009003092385891,1,1
0.11085495328927,0.083323380498317,0.0416990133804697,0.1865168929724857,0.0846801413479295,0.1363283490394875,0.0,0.0766718421408751,0.5006472930670146,1,1
0.0313537370027269,0.0384615384615384,0.0168406789494186,0.0958589223709004,0.016240555948947,0.0620579349274841,0.0,0.04,0.578965930230266,1,1
0.1461533429918663,0.1966371071228201,0.2691426495372913,0.1647455370853015,0.1272412246840378,0.1363636363636363,0.0,0.2045025914077329,0.5197120619388358,1,1
0.2609681495173451,0.0929548807685945,0.0364723537485525,0.3038482778052071,0.2025516028566302,0.2121241254542447,0.0,0.0966730759993383,0.5010225143520446,1,1
0.0753674782880056,0.0361274829879507,0.0,0.2155972027345026,0.0536799208532006,0.1363636363636363,0.0,0.0375725823074687,0.49976924992912236,1,0
0.1608518375578911,0.2207138102311505,0.2339459649753718,0.1369759563521025,0.130615777725763,0.0913251248723667,0.4380720466995043,0.2295423626403965,0.49999999999999967,1,0
0.010911539191474,0.0,0.0,0.1070856557989759,0.0059786491044323,0.0337027686881384,0.0,0.0,0.3063923006786126,1,0
0.1324109490675719,0.173076923076923,0.2366609640392934,0.1490666053790782,0.1167261741279865,0.1557658704883005,0.0,0.18,0.5016073904430483,1,1
0.0324437068541369,0.0192307692307692,0.0,0.1559872590794754,0.0171814569079658,0.0454545454545454,0.0,0.0199999999999999,0.3824325800687229,1,0
0.0647232973859333,0.0384615384615384,0.0,0.1659393251387624,0.0420145028831566,0.0679633527237433,0.125,0.04,0.4991327555194882,1,0
0.0348125790115782,0.0384615384615384,0.0625,0.1309781774429975,0.0216047086609328,0.0975686258808304,0.0,0.04,0.4576334744468101,1,0
0.1569595254464783,0.0854395408057403,0.0415177614279841,0.3706787541038671,0.1632695134513231,0.2045454545454545,0.0,0.0888571224379699,0.5005115308171976,1,1
0.2068535680320786,0.1593510763672488,0.1026954990967793,0.2259388715673237,0.1535077726891752,0.2012494571730055,0.0,0.1657251194219388,0.5401821189726963,1,1
0.3234235494783475,0.3566435554224316,0.2990058702441799,0.2986657167835486,0.2471068285984362,0.1275825858979179,1.0,0.3709092976393288,0.6247789316765392,1,1
0.071479679531953,0.0769230769230769,0.0446290051389758,0.1374559869180153,0.0617962098324634,0.1071378200505367,0.0357419897220482,0.08,0.4996926465072071,1,0
0.0118084442716572,0.0,0.0,0.1152869191983129,0.0068662455369403,0.0342276934742985,0.0,0.0,0.3052245983572389,1,0
0.7282771233970216,0.4157791843915968,0.5105647045419441,1.0,0.8458361469384186,0.7718844923890698,0.2453647081398834,0.4324103517672606,0.5549479448948614,1,1
0.0444517189508598,0.0345032295867636,0.0560677480784909,0.0,0.0,0.0,0.0,0.0358833587702342,0.32813149284641924,1,0
0.0543428262553431,0.028144589394527,0.0,0.2336927597371685,0.0441296161564872,0.0909090909090909,0.0,0.0292703729703081,0.49059515473026705,1,0
0.0694331466623138,0.0192307692307692,0.0,0.2045966228356727,0.0441620959328797,0.1050267826009792,0.0,0.0199999999999999,0.49061850744874363,1,0
0.285589812624322,0.4363076248364066,0.0714062842627622,0.2768762703631309,0.1797960747660152,0.517590819384768,0.1821250274102098,0.2962899934215496,0.5075211555571134,1,1
0.0629157427818604,0.0268469639986055,0.0,0.1947827177738991,0.0507830412519051,0.1089110058148857,0.0,0.0279208425585497,0.49064295916092265,1,0
0.0176595243701436,0.0095713779334128,0.0,0.058651032151994,0.0034331227684701,0.0455585612482968,0.0,0.0099542330507493,0.3852181976584864,1,0
0.050685706204998,0.0488434737906314,0.0337412898195522,0.1040740282395154,0.0247904955376617,0.0577241053889281,0.125,0.0507972127422567,0.5038496804236202,1,1
0.2119945992347796,0.2011360085766697,0.0759933565618137,0.2347095414205603,0.14818631631438,0.2149789192269732,0.0,0.2091814489197364,0.5128921743317169,1,1
0.033175304381575,0.0690585542868174,0.0738806028643133,0.0678965311717543,0.0199736005018228,0.0185888716857042,0.0,0.0718208964582901,0.33269677572622536,1,0
0.2615358191164091,0.1774638080654183,0.125,0.3858087903784791,0.2209218335950692,0.1818181818181818,0.9714852475747806,0.184562360388035,0.5490335135028854,1,1
0.1191309154120665,0.2302998818339214,0.3738559619701833,0.0,0.0,0.0,0.0,0.2395118771072782,0.5259036715053292,1,1
0.0906384745220616,0.0846453326691302,0.0,0.2480063232472105,0.0583630870639932,0.0635301841730836,0.0,0.08,0.5002569868150762,1,1
0.0996850226788145,0.0493366989869802,0.0,0.1935527921191522,0.0805957608535297,0.1166140157874079,0.0,0.0513101669464594,0.5005429119142584,1,1
0.1173319881649746,0.0852376567204981,0.0,0.2153638038010971,0.0882867998995224,0.1624667550954285,0.0,0.0671617907473295,0.5012516379391347,1,1
0.0559218271721214,0.0576923076923076,0.0,0.1110905716969581,0.0302181449823033,0.0454545454545454,0.0501213294028341,0.06,0.4303043585269268,1,0
0.0867682966900965,0.0192307692307692,0.0,0.2436187356362733,0.0481983213167587,0.1324272460865699,0.0,0.0199999999999999,0.5808632460743239,1,1
0.0545444657130551,0.0200177924122302,0.0,0.0,0.0,0.0,0.0,0.0208185041087194,0.3284367228340972,1,0
0.0451569468365273,0.025287528570056,0.041092233926341,0.0,0.0,0.0,0.0,0.0262990297128582,0.3280279038644205,1,0
0.1404813204115244,0.2753451355944238,0.3110575360228161,0.2508698376837673,0.2883764019958119,0.0991842249586345,0.0,0.2863589410182007,0.5190087416721445,1,1
0.0092795098750854,0.0192307692307692,0.0,0.0823663620648246,0.0048873828014984,0.0096272014186473,0.0,0.0199999999999999,0.3170640979383694,1,0
0.2271227507100098,0.2086207987326364,0.1117456010297328,0.2044552713290137,0.2062952801585499,0.230720874225066,0.0,0.2169656306819419,0.5331604950993,1,1
0.4611942199138548,0.3121134716597175,0.3509343914470409,0.0,0.0,0.0,0.0,0.3245980105261062,0.5414734614303316,1,1
0.1211922980407171,0.2064530235870941,0.2132407755526852,0.1212354263088562,0.0658345756053077,0.1343602820191582,0.0,0.2147111445305778,0.5519713749744357,1,1
0.3228619642415682,0.5107012457033124,0.5633183325312052,0.3848016972490554,0.3246239521304999,0.2045454545454545,0.6597790485357655,0.531129295531445,0.5549479448948614,1,1
0.030322532991075,0.0365231807112329,0.0,0.1295649284297503,0.0205987366108211,0.0500361183189039,0.0,0.0379841079396822,0.4307002105502042,1,0
0.0171184684788976,0.0,0.0,0.0805574843996829,0.004312055519959,0.0285458075421286,0.0,0.0,0.32854732143725107,1,0
0.2362283843319518,0.2149670530420616,0.2328809741289,0.0,0.0,0.0,0.0,0.209043823442496,0.5414734614303316,1,1
0.1975675574084471,0.2229415943319004,0.2627199092106618,0.0,0.0,0.0,0.0,0.22,0.5369869711606378,1,1
0.0467912271479126,0.0039312563163538,0.0063882915140749,0.0,0.0,0.0,0.0,0.0040885065690079,0.32786442075767225,1,0
0.0286415272535121,0.0015624899565241,0.0,0.0,0.0,0.0,0.0,0.001624989554785,0.33269677572622536,1,0
0.0607185839669994,0.072886243021617,0.0625,0.1328371314602305,0.039926346088395,0.1231779710398142,0.0,0.0758016927424817,0.4988117896123906,1,0
0.1069058054715884,0.1149418729848531,0.0,0.1554919894379028,0.0621123675472071,0.1162525687258679,0.25,0.1188488697606181,0.5003989924896913,1,1
0.1089004002825523,0.0778057378276012,0.0,0.2147669716862947,0.0882218675433378,0.1057128911588237,0.0,0.0809179673407052,0.5004692179694965,1,1
0.1546459069255929,0.0961538461538461,0.1178514583912418,0.1565391923010906,0.0979898837442989,0.1733518184345097,0.0285941664350327,0.0977124666851973,0.5019569495106134,1,1
0.253858986521542,0.1586755627030606,0.1719455787849472,0.2976057569409926,0.1643665678757162,0.25,0.0,0.1650225852111831,0.5312635540486577,1,1
1.0,1.0000000000000002,0.0689215393672187,0.5847607164096956,1.0,0.2962232520570064,0.0086151924209023,1.0,0.5064256612153939,1,1
0.465898760030293,0.4260508102111072,0.1394976997791476,0.3423951612018659,0.3987376216295963,0.5593953334671833,0.2306697336278032,0.3508249491684302,0.5549479448948614,1,1
0.0095684117983921,0.017226019883619,0.0,0.1077746021631197,0.0068662455369403,0.0250965219557229,0.0,0.0179150606789638,0.3058025941277357,1,0
0.0531972121034097,0.003068468615761,0.0,0.0,0.0,0.0,0.0,0.0031912073603915,0.32818639723198617,1,0
0.0473549381967985,0.0559747345818406,0.0,0.0775942497856955,0.0237252341329844,0.0474844045850974,0.0,0.0582137239651142,0.40720682564884514,1,0
0.1235135757874138,0.055330561887582,0.0,0.1876691755907382,0.0733003247744542,0.3524717471049333,0.0,0.0575437843630853,0.5018632346176379,1,1
0.2595347603395789,0.173076923076923,0.2040058728378074,0.2712572705154992,0.1617438606263363,0.2553615007862518,0.0,0.18,0.5392582776998371,1,1
0.1108490759402788,0.0640584811679726,0.0,0.207467604316473,0.0863963214445455,0.1249218529795879,0.0,0.0616552051036729,0.5005127025813195,1,1
0.2806156640353394,0.2343523246056562,0.1017098900632349,0.1843975030967803,0.1952831458494752,0.2003108891024063,0.7732901099367651,0.2269575384354115,0.5264638743509337,1,1
0.0407272509683378,0.0192307692307692,0.0,0.0926831020942934,0.0177235279147126,0.052841327772614,0.0,0.0232501842199501,0.4644077676856334,1,0
0.0097968732358716,0.0,0.0,0.1038542942939635,0.0034331227684701,0.060471183256243,0.0,0.0,0.5391241129294158,1,1
0.056838486767264,0.0324722256914299,0.0,0.2551460664384641,0.0450814831630256,0.1050656483657109,0.0,0.0337711147190871,0.49753620542858973,1,0
0.2242275096900151,0.173076923076923,0.0497427920668683,0.2643275227403345,0.1682230156550394,0.1973224286961667,0.0,0.18,0.5010320520347261,1,1
0.3771239012321388,0.4449393240316525,0.5502466998060705,0.0,0.0,0.0,0.0,0.4262632333652631,0.5414734614303316,1,1
0.1525411108550764,0.4582237945722877,0.4644400907763548,0.2271857080712735,0.1507021714224376,0.1481186998532317,0.0775867877018064,0.4765527463551793,0.532767827962103,1,1
0.2609857265266696,0.1489278779200632,0.0,0.2633261795063051,0.1842737073398881,0.4228069606095636,0.0,0.1225575034815671,0.5015998969811464,1,1
0.9650509485172568,1.0000000000000002,0.0,0.7007012085858819,1.0,0.1510145106137523,0.0,1.0,0.5034662499388721,1,1
0.0559218271721214,0.0576923076923076,0.0,0.1131854449394179,0.0289220688772692,0.0454545454545454,0.0265262639106884,0.06,0.4303043585269268,1,0
0.0405949992245694,0.0268515090051896,0.0,0.110882292609363,0.0192382639787494,0.0909090909090909,0.0,0.0279255693653972,0.5116493009487884,1,1
0.0506243492453796,0.0214282173087632,0.0,0.1560222711063174,0.0308981049162317,0.0655848340896434,0.0,0.0222853460011137,0.5075609678921272,1,1
0.0942604926699919,0.0497210656883917,0.0365934634872732,0.1797903198426578,0.0408594207958849,0.1629770643543805,0.1981869269745465,0.0517099083159274,0.5019111876191137,1,1
0.2330501202133202,0.2307692307692307,0.2286747094707745,0.1364220335927642,0.147011439380792,0.1652946299721383,0.0,0.24,0.5023214925776017,1,1
0.0921478663550919,0.0769230769230769,0.0,0.1516030108880098,0.0396157593292041,0.1153872674591253,0.0,0.08,0.5005587404152152,1,1
0.0653146370993327,0.0192307692307692,0.0,0.1848821819093045,0.038892133382292,0.089350005559946,0.0,0.0199999999999999,0.4905387164722324,1,0
0.3072368239311581,0.3931252102743697,0.3785930666082987,0.5007952494890842,0.2444096066297346,0.2491289535495033,0.0601046222611341,0.4088502186853444,0.5549479448948614,1,1
0.0674548349568498,0.0400297168280903,0.0625,0.1680665799143544,0.0369244856317559,0.0927623926150158,0.4898068406174126,0.0416309055012139,0.4993959197562989,1,0
0.0461254040885686,0.039704978448407,0.0,0.1381764043484368,0.0153721184261898,0.0681818181818181,0.2282329439658582,0.0412931775863432,0.4591953542069722,1,0
0.0815410288668737,0.0384615384615384,0.0,0.3518763608996365,0.0415357731760858,0.1128898484035582,0.0,0.04,0.5006091284113531,1,1
0.1713407851598543,0.1204183002185118,0.0855702621449183,0.1711090200792831,0.0923947729431442,0.2025624877927075,0.0109063171401088,0.1252350322272522,0.5219556755854302,1,1
0.6331337051552335,0.3124658931299452,0.070478770991517,0.7087480684174692,0.5186207362700569,0.7448421873672052,0.281915083966068,0.324964528855143,0.5071031274250862,1,1
0.0495783379203464,0.0081224624213164,0.0,0.0,0.0,0.0,0.0,0.008447360918169,0.32782208965891024,1,0
0.0559218271721214,0.0192307692307692,0.0,0.1794182733299929,0.0474954912200356,0.0946707572142721,0.0,0.0199999999999999,0.4904176388610939,1,0
0.3359813426943579,0.3960278860969397,0.3363389336960573,0.274868158971609,0.2500364055162278,0.1159463063804496,1.0,0.4118690015408172,0.6461558221436468,1,1
0.0468990449534914,0.0324716697859085,0.0430329268042026,0.0,0.0,0.0,0.0,0.0337705365773448,0.3278574239458075,1,0
0.0245511158542449,0.0150095328374247,0.0,0.2865706773643502,0.0252042265951601,0.0327047405660869,0.0,0.0156099141509217,0.3029678999329045,1,0
0.0948437964260236,0.0662466472065608,0.0,0.2628794112591532,0.0499697004437613,0.1199451630143049,0.2153016034213227,0.0688965130948232,0.5010407669178707,1,1
0.0958317799971679,0.0619249464246364,0.0,0.1821038090603368,0.0618618685569558,0.1313614269527023,0.0,0.0644019442816219,0.5007955931693412,1,1
0.2031506622887414,0.0728330618395918,0.0132925490213266,0.3314080522559015,0.1319189836881432,0.2011527985764751,0.1968298039146934,0.0757463843131754,0.5015405860128983,1,1
0.2316260238735828,0.1346153846153846,0.0454524672743613,0.0,0.0,0.0,0.0,0.1399999999999999,0.5001352773066363,1,1
0.1150748608937748,0.0567515890647214,0.0,0.3752153053173626,0.0789618236748144,0.1169716387705332,0.0,0.0590216526273102,0.5003166110311145,1,1
0.0942816787019625,0.1081352506913261,0.0,0.2123352098776389,0.0689440470473974,0.0700459550901357,0.25,0.0908202202396597,0.5007662243838749,1,1
0.2328080480862067,0.0684097186325009,0.027668414444372,0.0,0.0,0.0,0.0,0.0711461073778009,0.5006751589910592,1,1
0.2486795865376535,0.2030283063160974,0.3255657483227437,0.3654970969850153,0.1657468276717193,0.337741636770244,0.0,0.2111494385687412,0.5549479448948614,1,1
0.0580393284922613,0.0384615384615384,0.0,0.2191651175622782,0.0377643504531721,0.1030697663394013,0.0,0.04,0.49842960970761274,1,0
1.0,1.0000000000000002,0.4077685642905719,0.2811527697475442,0.9264202288550092,0.8364988185151048,0.0,1.0,0.5549479448948614,1,1
0.0300164340919057,0.0384615384615384,0.0437752555145951,0.1253529399725959,0.0230033098332652,0.1000183676469783,0.0,0.04,0.4593001183591609,1,0
0.476308104297503,0.2705805619460417,0.3771934131623177,0.6918948114376016,0.4851343618726595,0.8997884957055746,0.0387421157835763,0.2814037844238833,0.5549479448948614,1,1
0.0547918863528796,0.0192307692307692,0.0,0.2468347913966816,0.0253959012477945,0.0454545454545454,0.0,0.0199999999999999,0.3824325800687229,1,0
0.1434309834784332,0.120776283000197,0.1383371532917734,0.1595052435411392,0.087838810619699,0.1657464631512046,0.0,0.1256073343202049,0.5022975832789791,1,1
0.1736551974618219,0.1076839239259334,0.1499591291389255,0.2989761514810541,0.1661721221337155,0.1999950459562334,0.0,0.1119912808829707,0.5140610223313175,1,1
0.2175173004641628,0.2115384615384615,0.2405866874405833,0.0,0.0,0.0,0.0,0.22,0.5397288504455615,1,1
0.073581351542265,0.0589141604445623,0.0498532660836206,0.1936843985111181,0.049453088043546,0.1242779961009404,0.0,0.0612707268623448,0.49974105717274386,1,0
0.0526104543240909,0.0576923076923076,0.0,0.1023127113126886,0.0261774786701834,0.0454545454545454,0.0,0.06,0.41603512801373943,1,0
0.1158344665879408,0.1585490020215319,0.2145881924274841,0.1575672149791882,0.1037583786239983,0.1106095944927157,0.0,0.1648909621023932,0.5015239002406839,1,1
0.2127051557986617,0.2849456910295834,0.4164646991692292,0.3738635501777858,0.1862445580005466,0.3033240739356666,0.0,0.2963435186707667,0.5501386303111614,1,1
0.2046680314146018,0.2002412768416524,0.1617158502646296,0.0,0.0,0.0,0.0,0.2082509279153185,0.537966689455897,1,1
0.2105376074593303,0.2251145253995967,0.2591888962256554,0.0,0.0,0.0,0.0,0.22,0.5387728996596411,1,1
0.5638493854541189,0.7665575692994793,0.0,0.5892503191275223,0.476759500179895,0.8896309818372884,0.0,0.7857822400630515,0.5023895180621549,1,1
0.4864782220715304,0.7260290631940536,0.148400924103221,0.4756386320286456,0.4891572222584122,0.6547456078722809,0.0,0.736176134927607,0.5549479448948614,1,1
0.0518111834052617,0.0576923076923076,0.0,0.0991198854037133,0.0258667120683096,0.0454545454545454,0.0,0.06,0.41213186409996927,1,0
0.1599063796076296,0.0961538461538461,0.0,0.2036307909870226,0.0887417728203125,0.238206544281536,0.25,0.07,0.5008587097745414,1,1
0.0338210379281367,0.0384615384615384,0.0,0.1239668115031266,0.0205987366108211,0.0567502715641192,0.0,0.04,0.4640527667671241,1,0
0.2169293947398199,0.1821016814974523,0.17283476756664,0.0,0.0,0.0,0.0,0.1893857487573503,0.5380593202994571,1,1
0.1032292403049745,0.0749426638590131,0.0625,0.1685069392633474,0.0806272061361692,0.1159768518029844,0.0,0.0779403704133736,0.5008469687329257,1,1
0.0196550239122183,0.0,0.0,0.1060228590698787,0.0068662455369403,0.0303264275297836,0.0,0.0,0.30594410992320176,1,0
0.0298769917812802,0.0384615384615384,0.0,0.0750592201287265,0.0139917033912519,0.0471705309955429,0.0,0.04,0.40099686091275444,1,0
0.3444753786466015,0.2984514870093213,0.2735389443983578,0.2798000523139146,0.2954714515756276,0.1703069899660249,0.0616884448131372,0.3079220086971686,0.5734562767098698,1,1
0.0559218271721214,0.0244673433600057,0.0,0.1466424223627485,0.0427609045954386,0.1074476851199932,0.0,0.0254460370944059,0.4904128772698671,1,0
0.0714681330019195,0.0788955690419445,0.1185894006136802,0.1381251847263858,0.0573066850777829,0.0477856725041162,0.0,0.0820513918036223,0.49964042470000597,1,0
0.1700976075266429,0.0769230769230769,0.0,0.3408279490119476,0.1828679781193106,0.1925777621213797,0.0,0.08,0.501044586163943,1,1
0.0995062617328329,0.0769230769230769,0.0500468607178825,0.1597628635315355,0.0782906434664812,0.1091079493519573,0.0249062785642348,0.08,0.5004785086919822,1,1
0.1390770625518261,0.1170052741833876,0.0930916073629987,0.1349384805651807,0.055363950104038,0.0933032459527316,0.0052671410960097,0.1216854851507231,0.5000000000000001,1,1
1.0,1.0000000000000002,0.5801055702717147,0.3313395636166223,0.9242321778820406,0.938100241153675,0.0200263925679286,1.0,0.5549479448948614,1,1
0.1249795992461538,0.1012694707687875,0.0249386699978393,0.2165033732440696,0.0869780582259597,0.184841050908829,0.0,0.0779803743993086,0.5014736572647656,1,1
0.4672007418091627,0.3496929040244291,0.3379990309603028,0.0,0.0,0.0,0.0,0.3636806201854062,0.5414734614303316,1,1
0.0941841299740993,0.0855437962450127,0.0560346755925825,0.2688217606105303,0.0768309834416639,0.0705328452390608,0.0,0.0889655480948132,0.5004841997991519,1,1
0.1379061432457299,0.2786965936906422,0.3591319647472935,0.2414706804998505,0.2663245489496399,0.0854924020938616,0.0,0.2898444574382678,0.5169859646232803,1,1
0.0982246047146637,0.0267735807574404,0.0,0.5901284619092825,0.1755563083999211,0.0405557363357684,0.1004858625383184,0.0278445239877381,0.5046792712934378,1,1
0.0132608543651578,0.0,0.0,0.1106301145765224,0.0051685933778701,0.0454545454545454,0.0,0.0,0.3840785157150083,1,0
0.0892709139269068,0.0920220565211781,0.0253094387687237,0.1443129526058813,0.0478937441534062,0.1136363636363636,0.3006188775374474,0.0957029387820252,0.5005715435687796,1,1
0.1050110151041687,0.0703986298866117,0.0212044528685119,0.2314205143441421,0.0422399195637153,0.1367684940383766,0.25,0.0732145750820761,0.5009372476680808,1,1
0.4180649659995125,0.5165598647014038,0.5846353297903282,0.0,0.0,0.0,0.0,0.53722225928946,0.5414734614303316,1,1
0.113793211230105,0.0598565291824326,0.010550579764359,0.3839840457834055,0.0847572533723475,0.108520931023341,0.0,0.0622507903497299,0.5003813057275257,1,1
0.0941841299740993,0.0683984920150647,0.0,0.2144163134903935,0.0507539409637352,0.0909090909090909,0.0,0.0711344316956673,0.5001774751820854,1,1
0.2387471968882679,0.2254002518521251,0.2412754092597033,0.1352771190847956,0.1300578563074771,0.1844715366990448,0.0,0.2344162619262101,0.5032846173495211,1,1
0.0946007044945344,0.146358267975304,0.0,0.1082687870548882,0.0596998423004811,0.0404259120583722,0.0,0.1522125986943162,0.5013116182330036,1,1
0.0675953212440143,0.0579090618854722,0.0625,0.1268895084613374,0.0479476323326912,0.1585785809979746,0.0,0.0602254243608911,0.49912396980435025,1,0
0.2324700170388364,0.2191692807273658,0.1314498376360612,0.4481948055956581,0.1420654201693835,0.2269093861162523,0.2003996752721224,0.2279360519564604,0.5535582748525927,1,1
0.0537486794815848,0.0384615384615384,0.0,0.1522772201443225,0.0281280892990847,0.082129552225572,0.0,0.04,0.48255375735180456,1,0
0.2815629970184654,0.1923076923076923,0.0116720879516016,0.320064149642368,0.1879241459416506,0.3846658781161307,0.0,0.1999999999999999,0.5022371941751513,1,1
0.1991614177450926,0.3130375263868006,0.3680512156971591,0.2618754086273898,0.1249283573227101,0.330801768286777,0.0,0.3205559027442273,0.5463801425336965,1,1
0.0845970403212755,0.0384615384615384,0.008817615548607,0.0,0.0,0.0,0.0,0.04,0.5044844206416831,1,1
0.255041726247083,0.1844924556101246,0.0,0.2946617356231619,0.1804505841470707,0.3032379369440523,0.0,0.1918721538345295,0.5020016696030091,1,1
0.3429946457955472,0.3445367413454077,0.2279987576383499,0.313843573430258,0.2832595133164495,0.4084538678027363,0.0,0.3583182109992239,0.5549479448948614,1,1
0.150617641952851,0.0978254810567375,0.0964664067171984,0.126076565867468,0.0941864359885734,0.0780596607898124,0.125,0.0926077504485105,0.49999999999999994,1,0
0.0207968159856595,0.0314084764405954,0.0,0.0733057062396199,0.0124733616276811,0.0287836715868618,0.0,0.0326648154982192,0.32848690124924396,1,0
0.2511198402814337,0.2804725446312305,0.3077708658633745,0.49553284807642,0.2381792724568656,0.1436472030459088,0.0,0.2916914464164797,0.6011997583036554,1,1
0.3788959685707441,0.2010695329538336,0.21875,0.5487050142421824,0.3623468287778097,0.4387214502060507,0.2310160119333604,0.2075935952266558,0.5549479448948614,1,1
0.0806566412596679,0.016869675198794,0.0,0.0,0.0,0.0,0.0,0.0175444622067458,0.4691219278193764,1,0
0.1589697215887753,0.1490940029182805,0.128861122628897,0.2730600600393103,0.1043058925411164,0.1590909090909091,0.0,0.1550577630350117,0.5347268904173827,1,1
0.0859832526709197,0.0755533979008223,0.0,0.1459999106719339,0.0784694983901604,0.0762971462814942,0.0,0.0785755338168552,0.5005731073743422,1,1
0.0894788869247034,0.0384615384615384,0.0439966334461568,0.2637178077529704,0.0509774108871166,0.1581940601957933,0.5,0.04,0.5019989604539119,1,1
0.3712272188488618,0.426514461402296,0.608242000663807,0.310707157105205,0.2414880525504506,0.2021309082862945,0.022343999114924,0.4435750398583878,0.5549479448948614,1,1
0.2012175935092028,0.2235531013662164,0.2617262102798984,0.0,0.0,0.0,0.0,0.22,0.5374911316843616,1,1
0.3815897663054835,0.7109540329654227,0.8218086874969471,0.4846102809812148,0.3636501795025566,0.4389334805182118,0.0419832321437293,0.7360335357125413,0.5549479448948614,1,1
0.6954006105327257,0.4408426798913605,0.1007577712512931,0.5709360559109425,0.3803067540509419,0.5686938949381551,0.0,0.4584763870870148,0.5256013374599593,1,1
0.151155846910587,0.1153846153846154,0.09375,0.1470815631157545,0.068640659620111,0.1321658195676239,0.0,0.12,0.5000491474581588,1,1
0.6137514458285764,0.2340603952712047,0.0,0.3568162168804091,0.3494481136668221,0.4349298282564117,0.0,0.1854764977312846,0.5023895180621549,1,1
0.0721333779147169,0.0449748266705673,0.0,0.1944528167036704,0.0366015827146748,0.0832115684802386,0.0,0.04677381973739,0.499732925152116,1,0
0.4177015391133602,0.3202847664445908,0.4181490181101595,0.0,0.0,0.0,0.0,0.3330961571023745,0.5414734614303316,1,1
0.0267698907840986,0.0297628662769746,0.0,0.0797439131627718,0.0110758221532499,0.0278673971999695,0.0,0.0309533809280536,0.3287371157230334,1,0
0.0457076821991612,0.0,0.0,0.0,0.0,0.0,0.0,0.0,0.3279612833648494,1,0
0.348283542028775,0.3108924638432371,0.27690837562421,0.2861918530196968,0.3028747610529189,0.1654059990920581,0.0347329950063196,0.3219388425967138,0.5776802233679512,1,1
0.2666155985178617,0.25,0.2157014804561002,0.4997055940726016,0.2496129966084344,0.1186252392063854,0.0,0.26,0.6408656450923867,1,1
0.0530534869755154,0.0379720627922859,0.0,0.0945504480709269,0.0245561535594849,0.0693387606727786,0.0,0.0394909453039774,0.507895448907699,1,1
0.1911016132200107,0.4722984144149242,0.6774547702727558,0.2993165398092701,0.1969139841302397,0.2022453153168217,0.0,0.4911903509915212,0.5441175789778226,1,1
0.3265306237951692,0.3593351452985073,0.035699351850124,0.3336960515452112,0.2831814509645872,0.2934978047127994,0.0,0.3737085511104476,0.5010052577704671,1,1
0.4522538444774709,0.4364871126903785,0.396791558121865,0.2858099643352448,0.2913637968966859,0.4683031881863781,0.1414441549916401,0.4452621295973248,0.5549479448948614,1,1
0.0560510303251553,0.0192307692307692,0.0,0.1840289269766116,0.0480134829450758,0.0909090909090909,0.0,0.0199999999999999,0.4904213466282348,1,0
0.116878545228803,0.1538461538461538,0.1745876138099549,0.1935234099023891,0.1013764575230229,0.1604061157866448,0.0,0.16,0.5068148008073172,1,1
0.1115616277373235,0.0611943680542612,0.0625,0.1738675892125331,0.089875475871272,0.1322248377540549,0.0,0.0636421427764316,0.5005991499235705,1,1
0.4943010985303697,0.7482881555180896,0.1363439157610348,0.4874126683999799,0.4999010546485319,0.6791032004827579,0.0,0.757610816424827,0.5549479448948614,1,1
0.1218883812362447,0.0778813581447632,0.0480429052389301,0.1519793634896673,0.0597802678138784,0.1142026207219055,0.8078283790442794,0.0809966124705537,0.5001524310969593,1,1
0.1047301935416568,0.0049675587648333,0.0,0.3548259180738371,0.0636840096629633,0.1488608712415456,0.0,0.0051662611154266,0.5030326534423184,1,1
0.1507421652217662,0.1327588930868709,0.15625,0.2410361415636325,0.0923628894552225,0.1522464966627478,0.0,0.1380692488103457,0.5226540175790094,1,1
0.0153649645301855,0.0269721162230188,0.0,0.0731697753947061,0.0102993683054105,0.0091488646272041,0.0,0.0280510008719396,0.32925263504861596,1,0
0.2176211072735386,0.0276162733651571,0.0,0.9267354964630832,0.4726332078922203,0.1474629481796678,0.0,0.0287209242997634,0.5025197497035544,1,1
0.1009245006343849,0.0384615384615384,0.0221841145144169,0.2538206468160647,0.072095578137874,0.1202297348986058,0.0,0.04,0.5005794507362447,1,1
0.7902434051618273,0.6454984867102762,0.6969002970398287,0.8733438397432713,0.6935332832893157,0.6100774515706038,0.1445740163616795,0.6713184261786873,0.5549479448948614,1,1
0.0533678956060905,0.0192307692307692,0.0,0.193251321493699,0.0386725913974548,0.0879028133835152,0.0,0.0199999999999999,0.49037814087717024,1,0
0.0732887105640345,0.0769230769230769,0.1187857688272741,0.1436198456526236,0.0587044345604352,0.0522337067338828,0.0,0.08,0.4997604840673617,1,0
0.0432815449396166,0.0192307692307692,0.0,0.1722847460228892,0.0182256871133971,0.0524722305088714,0.0,0.0199999999999999,0.45783068057254206,1,0
1.0,1.0000000000000002,0.1584080717772593,0.4903528708759339,0.9714160661473052,0.3944506726960506,0.0,1.0,0.5549479448948614,1,1
0.0128173777024271,0.0,0.0,0.1903624526118267,0.006257154201839,0.0241931078302262,0.0,0.0,0.3032328304721852,1,0
0.7615668735558926,0.6650910865159397,0.8179287979623159,0.8969883259414438,0.7733110376292546,0.6631356834529656,0.1175845803362297,0.6916947299765773,0.5549479448948614,1,1
0.0395725314492799,0.0192307692307692,0.0,0.1648129231877155,0.0199637957580418,0.0084066168907974,0.0,0.0199999999999999,0.3028799845597158,1,0
0.0500465578437072,0.0288094375675193,0.0,0.2132818338675582,0.0377643504531721,0.1022293353070683,0.0,0.0299618150702201,0.49058806207134004,1,0
0.0565149699780642,0.0192307692307692,0.0,0.2022965717336832,0.0446305959901125,0.0697085318162661,0.0,0.0199999999999999,0.4904164683081552,1,0
0.3970904695567726,0.4724713744583436,0.5667819669896167,0.377869358775221,0.3156671213942698,0.4643520120037757,0.0743439889965389,0.4832652676761236,0.5549479448948614,1,1
0.4270255286222146,0.32711808507847,0.2969542220631284,0.0,0.0,0.0,0.0,0.3402028084816088,0.5414734614303316,1,1
0.2389981923013977,0.2169191811224558,0.1837753227040369,0.1709737816271513,0.1508978212982918,0.2372819355287407,0.0,0.225595948367354,0.51704812734437,1,1
0.2341320026107853,0.1579453357741798,0.0625,0.246247129711022,0.1123353997475138,0.1436303679633187,0.25,0.1553289365064337,0.5062381780280153,1,1
0.0546854967742484,0.0384615384615384,0.0,0.2751285107349248,0.0495740381947204,0.0940913304241011,0.0,0.04,0.4978095468912547,1,0
1.0,1.0000000000000002,0.3681580986826918,0.2961302010722068,0.9335677366562664,0.8082299617202789,0.0,1.0,0.5549479448948614,1,1
0.0627869436274264,0.147452077560492,0.1937657756214797,0.1079872200032069,0.040735679598998,0.0454545454545454,0.0,0.1533501606629117,0.49854340418355503,1,0
0.1838992243937842,0.0910035495857512,0.0,0.2504779339844196,0.1103492288256228,0.2317398576222088,0.25,0.0726781542154093,0.5011775448594118,1,1
0.0330879524776972,0.0,0.0,0.0997441236565529,0.0060054563974127,0.0397561213508727,0.0,0.0,0.3341392458923268,1,0
0.1721907494985821,0.1436078412801963,0.0791372579196809,0.1557176052339492,0.1098599285910461,0.1651408210617021,0.125,0.1310070580992765,0.501230802947681,1,1
0.0692170309912443,0.0289562721127255,0.0,0.221306463565779,0.0498392558692157,0.1138966431755331,0.0,0.0301145229972345,0.49868983798368804,1,0
0.2371092351392852,0.2582058773427039,0.1204191013637874,0.2386976485457316,0.1696431096352811,0.2303074570250681,0.1783382027275749,0.2685341124364119,0.5442744463363893,1,1
0.0563983195103063,0.0608056353234943,0.0101183148013565,0.1186002837510664,0.0291323781600696,0.0564927070560252,0.0,0.063237860736434,0.4902682816769774,1,0
0.0405782184346389,0.0306849711240572,0.0,0.1105327482081109,0.0171656138423509,0.0909090909090909,0.0,0.0319123699690195,0.5127315755872155,1,1
0.0675129573627808,0.0384615384615384,0.014318038933483,0.2233501408711548,0.0557164536629212,0.1363636363636363,0.0,0.04,0.499304428038554,1,0
0.4168099075917569,0.2085398484442572,0.1264296119732871,0.6113450776747377,0.3870934391403829,0.5565106539581577,0.1444909851123281,0.2168814423820274,0.5477026759691872,1,1
0.125518391286316,0.1742618101862259,0.1451915194824609,0.1477348394983621,0.0745253458978386,0.1297214262073295,0.0,0.1812322825936749,0.500955264033513,1,1
0.2793033246646883,0.2916440632835984,0.4023712978731144,0.0,0.0,0.0,0.0,0.2841372822686779,0.5414734614303316,1,1
0.1089004002825523,0.1047478314992906,0.0,0.2277238391034267,0.0914283787374416,0.09509933910634,0.0,0.1089377447592622,0.5005490096121017,1,1
0.2081919076757518,0.2272947322854766,0.1875,0.1788635020555197,0.1666723262740725,0.3140755927010178,0.0,0.2363865215768957,0.5245930162161484,1,1
0.0373411885548432,0.0384615384615384,0.0,0.1002264488883646,0.0171656138423509,0.0733866835105573,0.0,0.04,0.5657788054170644,1,1
0.0259565471634362,0.0563798133585751,0.0,0.1298090472896686,0.0242661689966838,0.0485568047888223,0.0,0.0586350058929181,0.4143705680179936,1,0
0.0622217066902483,0.0447277311268065,0.0,0.1502468038162035,0.0280243099742411,0.0835035904865013,0.0,0.0465168403718788,0.49436571633355214,1,0
0.1695996008304197,0.1622537191607162,0.1386622936361638,0.2521164230814953,0.1034249286160582,0.1491546955373353,0.0,0.1687438679271448,0.5377862179084617,1,1
0.0750733398170723,0.0769230769230769,0.0858294072461169,0.174930644119083,0.0440504921538856,0.1136363636363636,0.0,0.08,0.4998247854980248,1,0
0.0555866830836108,0.1570115112185715,0.2100479019100595,0.1057508284340296,0.0400672989332207,0.0327969482328138,0.0,0.1632919716673143,0.4992431723066607,1,0
0.2809463581995777,0.1431080513083044,0.0763005833759947,0.3383062589216478,0.1839637897531389,0.4031791664727514,1.0,0.1371445133708753,0.5099014471928124,1,1
0.0709773088790003,0.0384615384615384,0.0593316748161103,0.171366515072043,0.0395047103454487,0.0909090909090909,0.5253466014711172,0.04,0.49957698039570564,1,0
0.1379218015218477,0.2039105889797682,0.28125,0.0,0.0,0.0,0.0,0.2120670125389589,0.5286014903046885,1,1
0.2373225085128238,0.1538461538461538,0.0043043496994094,0.2859505014581119,0.1937964956003689,0.3140079033217848,0.0,0.1218365225384146,0.5014572867532399,1,1
0.0247380616678349,0.0550961292803614,0.0,0.1338883787153591,0.0249588112978659,0.0454545454545454,0.0,0.0572999744515758,0.3823740553831226,1,0
1.0,1.0000000000000002,0.2418774709662063,0.4203265143530721,0.9563544360272448,0.5424191530764568,0.0,1.0,0.5549479448948614,1,1
0.1245543311698701,0.1013444465844653,0.0,0.0,0.0,0.0,0.0,0.1053982244478439,0.5016149363892914,1,1
0.0396166624119725,0.0192307692307692,0.0,0.0920404405075346,0.0190189603780149,0.069992853586736,0.0,0.0307968555781638,0.598405780297017,1,1
0.1306050585797997,0.2822302354657083,0.364874132631776,0.2500971509160432,0.2805183174089484,0.0792282189471534,0.0,0.2935194448843366,0.5120465892408298,1,1
0.5547470071947649,0.7572510595259491,0.7107241792684226,0.3120438676398916,0.3826150300927894,0.3289866140697697,0.7896175849224891,0.7812022883193888,0.5549479448948614,1,1
0.2171178501101576,0.1686146298736002,0.09375,0.2315827616481726,0.1550178252907351,0.2202912658779344,0.0191990188356803,0.1753592150685443,0.527722850149866,1,1
0.1614837206798045,0.1136629351047492,0.0597022695452174,0.2389151864507958,0.1319954575417643,0.2045454545454545,0.0,0.1182094525089391,0.5052326317724585,1,1
0.0489130226145895,0.124308008127879,0.1923335044026011,0.1274269116631281,0.0517439136044374,0.0070305518583289,0.0,0.1292803284529941,0.5021578114804182,1,1
0.3266619390370845,0.1775639520971136,0.0584374266473428,0.5625905506895732,0.403334881183656,0.2476517463235254,0.0,0.1846665101809981,0.5026981748075746,1,1
0.1425203435545711,0.0971447188961396,0.1266101682062269,0.2350631617628523,0.0908893068823822,0.2022033917000336,0.0,0.1010305076519852,0.5137585969264139,1,1
0.0794678596656462,0.0636775487675295,0.0,0.3861238300582663,0.0514968415270528,0.1214632666373689,0.0,0.0662246507182306,0.5005553555782037,1,1
0.0925970718387671,0.0758726830114873,0.0,0.2409199308793061,0.0571562065327717,0.0466959200773331,0.0,0.062422991943289,0.5007487135387668,1,1
0.1419778097828473,0.0995079403612787,0.09375,0.1693077510620807,0.0705188446054457,0.1565807921419833,0.0,0.1034882579757299,0.5048878755978116,1,1
0.1841708360175837,0.0769230769230769,0.0,0.417301094994755,0.1841506605242773,0.2846506306464719,0.0,0.08,0.5012472114529278,1,1
0.058865081233812,0.0384615384615384,0.0,0.0938811347854324,0.031602381987076,0.0817792285970035,0.0502142427164806,0.04,0.49855666599595827,1,0
0.0953239360443996,0.1049938752454063,0.0337699054524293,0.0,0.0,0.0,0.0,0.1091936302552226,0.5031500496515416,1,1
0.3382128588545897,0.2456192263248295,0.1032416762962027,0.5063537910641286,0.322669370828086,0.1587985076092065,0.0189833525924055,0.2554439953778227,0.5407235027794495,1,1
0.1747964054638414,0.1848302553770233,0.0576396659950651,0.1644969027950357,0.0789994145599642,0.2063128487290672,0.2402793319901303,0.1922234655921042,0.5196917962267154,1,1
0.6766661319294295,0.8457489516224614,0.0,0.3652480231759223,0.5113184442910726,0.999680992187394,0.0,0.470538059843929,0.5023895180621549,1,1
0.1181104380950424,0.1371000470609933,0.2207687882370571,0.0,0.0,0.0,0.0,0.142584048943433,0.5050812289844953,1,1
0.0647051993887592,0.0002020699445532,0.0,0.4662969801624221,0.0890627849349687,0.0683012231490542,0.0,0.0002101527423353,0.49840918759738384,1,0
0.2281477181836257,0.2135210335771874,0.1498066408741409,0.4672360027087893,0.1360153888906975,0.1935333802288346,0.2371132817482819,0.2220618749202749,0.5561015323891333,1,1
0.4356016011302093,0.3614966173525794,0.2847631455982354,0.3115634128690259,0.2909283636801777,0.5097049367262033,0.0,0.3622484131828707,0.5549479448948614,1,1
0.4463704533066913,0.2803405623951869,0.1261609768463689,0.4249564426008642,0.3092829216688266,0.4493245225621126,0.0,0.2915541848909943,0.5473798381558139,1,1
0.0527554673049453,0.0199596387353054,0.0,0.1937884907850964,0.0377643504531721,0.0917704821417246,0.0,0.0207580242847176,0.49037245276645464,1,0
0.1347716433917819,0.0849994785080055,0.125,0.0,0.0,0.0,0.0,0.0883994576483257,0.5031588059514145,1,1
0.3052441354130425,0.173076923076923,0.180070029055705,0.2887739632640294,0.1990310122874083,0.2921963319392308,0.0,0.18,0.538898793539006,1,1
0.2167680264654313,0.2483614871220331,0.0814532292833702,0.5114761857293063,0.1306049208144296,0.1274205303879056,0.1303251668533923,0.2582959466069144,0.530833817574268,1,1
0.0107522343788299,0.0,0.0,0.0912290869109904,0.0034331227684701,0.0415133994608098,0.0,0.0,0.3487983823207726,1,0
0.8462799528703547,0.7964305981164428,0.9856212100951012,0.7901451509647112,0.6744985004558077,0.5966130736812822,0.2395426982509826,0.8282878220411005,0.5549479448948614,1,1
0.6216389154999749,0.3562193235282039,0.0604018965135796,0.3676291147622998,0.3591874271862624,0.4702557523268234,0.0302009482567898,0.3249645516325911,0.5032822381642077,1,1
0.0773425322894646,0.0646355887435718,0.0399343365833913,0.1415068864195396,0.0639898015151545,0.1199522447879209,0.0451313268332172,0.0672210122933147,0.5000592103903567,1,1
0.2233681712194895,0.1638090709822634,0.0225903894807328,0.2770811827837477,0.1657412370798422,0.1982475559859875,0.0,0.170361433821554,0.5014946894946383,1,1
0.0945886702667292,0.0543786540803958,0.0,0.0,0.0,0.0,0.0,0.0565538002436116,0.5022311361643194,1,1
0.1025221828832742,0.2185147773117406,0.2754325656578926,0.1320102206975163,0.0627384755547203,0.1116294258947377,0.0,0.2272553684042102,0.534609414089219,1,1
0.0482925806340364,0.0776701230700004,0.0949639499887507,0.0,0.0,0.0,0.0,0.0807769279928004,0.3278061432186019,1,0
0.0653204390591239,0.0210891574493072,0.0,0.2277727438931665,0.0439670681999176,0.0909090909090909,0.0,0.0219327237472795,0.4905410884949131,1,0
0.0519386181984846,0.0384615384615384,0.0,0.077824708395875,0.0228188166682132,0.0681818181818181,0.0,0.04,0.5182984687356784,1,1
0.2662972504303761,0.2381990465944971,0.2691765492839422,0.0,0.0,0.0,0.0,0.247727008458277,0.5414734614303316,1,1
0.0792220628095334,0.0911927108982009,0.0,0.2287290047526277,0.0264021737161759,0.0681818181818181,0.3621010483353225,0.094840419334129,0.5001856448562755,1,1
0.0234886249490809,0.0063477410663454,0.0,0.2071441106807015,0.0148991861064957,0.0756836939874991,0.0,0.0066016507089992,0.5390463320205252,1,1
0.1027539119513179,0.076073741582498,0.0,0.1863248089890497,0.0620994605720274,0.1363636363636363,0.0,0.079116691245798,0.5007833523415837,1,1
0.0093493275074754,0.0,0.0,0.1387825996139923,0.0040391633958385,0.009357641887047,0.0,0.0,0.30486283500870054,1,0
0.8536383619661051,0.807816634698878,1.0,0.7811254743772851,0.6662417315374731,0.5911735683594312,0.2504040627713532,0.8401034400694664,0.5549479448948614,1,1
0.0990984194055984,0.0662344888185157,0.0,0.4050981455473962,0.0667620593638333,0.1136363636363636,0.0,0.0688838683712564,0.5004320803200926,1,1
0.2468914313511614,0.1821771176554102,0.0,0.287683182314316,0.1779705462389724,0.2786111605166363,0.0,0.1894642023616266,0.5019341409985548,1,1
0.2231281375219591,0.2439835604518156,0.1133034285315992,0.2270604631220196,0.1482570251697665,0.2031491947617446,0.0858931429368015,0.2537429028698882,0.5405444328155383,1,1
0.1167428808657988,0.5129663775644018,0.4887010082387689,0.2103518813543553,0.1462600003224808,0.1245929617078604,0.1099346776516919,0.5334850326669779,0.5214101612287546,1,1
0.1257682589812169,0.0192307692307692,0.0,0.3136354887573117,0.0812109254232743,0.2622261967518963,0.0,0.0199999999999999,0.5016998092714645,1,1
0.8391095630396826,0.090315122865362,0.0685187196183009,0.9512465656147592,0.7322454825808428,0.8915819065649427,0.879625607633981,0.0939277277799765,0.5045895866928194,1,1
0.1035820162799299,0.0451124243027279,0.0,0.2281773753251154,0.0553257416274624,0.083048953096776,0.0,0.0357641010623642,0.5000508289584031,1,1
0.42823288530544,0.6586884123906115,0.8369491688342148,0.7008432162919986,0.4243055749627469,0.4808289700122494,0.052720332466314,0.6850359488862361,0.5549479448948614,1,1
0.1535144706311274,0.1193203492700173,0.0191867026913346,0.0,0.0,0.0,0.0,0.124093163240818,0.50080861859499,1,1
0.090088827234975,0.0965334962984446,0.1017167328712431,0.182363273801628,0.049006719511806,0.1368123138072527,0.0,0.1003948361503823,0.5010231201075167,1,1
0.1731317377551715,0.1901968225135971,0.1823547548768929,0.2400491662505584,0.1512458205666244,0.2702326084251602,0.0,0.1978046954141409,0.5390058738951989,1,1
0.1781795260759539,0.1468186335556063,0.0,0.0,0.0,0.0,0.0,0.1526913788978306,0.5010975811654126,1,1
0.013442735249039,0.0,0.0,0.0769811507991865,0.0050726634987943,0.0464742989123258,0.0,0.0,0.3940809236136758,1,0
0.0868608033740897,0.0645279490264265,0.0333237515038291,0.174763924451103,0.0424177882085077,0.0989875761221404,0.0,0.0671090669874835,0.5003797226550597,1,1
0.2194131870857016,0.2182660124914764,0.2703177297013509,0.0,0.0,0.0,0.0,0.22,0.5399877715127525,1,1
0.7085621151487663,0.6938927308527222,0.1676467890455408,0.454589033988884,0.7402248594431834,0.712834028396757,1.0,0.671648440086831,0.5549479448948614,1,1
0.0994919530551493,0.0638070849613357,0.0,0.0,0.0,0.0,0.0,0.0663593683597891,0.5021301305649729,1,1
0.0736928309168584,0.0769230769230769,0.0625,0.1439562121112356,0.0617962098324634,0.1136363636363636,0.0648672645194892,0.08,0.4997722484587788,1,0
0.2560631033670825,0.175288493143783,0.2295314040759424,0.2884579030856725,0.167828200894408,0.2604546948615199,0.0,0.1823000328695343,0.540109810378279,1,1
0.144618459457655,0.3100203948180693,0.3309623561845219,0.138090845947603,0.1424204961623122,0.0816089863160159,0.2424337168412749,0.322421210610792,0.5,1,1
0.0559218271721214,0.0469429261874646,0.0,0.1134829823440571,0.0332219977847963,0.0708621744659926,0.0,0.0488206432349632,0.49805939947219935,1,0
0.2268945991100687,0.3081236009309472,0.4315303406051157,0.4059393101151242,0.2077609918007689,0.2814104136652863,0.0,0.3204485449681851,0.5540161479918532,1,1
0.0971479700848664,0.0631291677249923,0.0,0.2356408806271182,0.0563978722897778,0.0617564381431908,0.0,0.0513786120283267,0.5001324728548151,1,1
0.0541324642135572,0.0848448257346671,0.0502485612125561,0.0823233552027735,0.0487366898537457,0.0592716808818589,0.0,0.0882386187640538,0.4976882771216124,1,0
0.0239981338636777,0.0295846440457843,0.0,0.0808570078374792,0.0118840926586762,0.0122363975086542,0.0576998137024015,0.0307680298076157,0.3191525689123756,1,0
0.0915063775857965,0.0319549072130873,0.0,0.2410492862430993,0.0653841781937485,0.1748119119226657,0.0,0.0332331035016108,0.5030518070233839,1,1
0.0140876874831658,0.0,0.0,0.0851698299727605,0.0093993949701542,0.034642919686067,0.0327680291366843,0.0,0.3278060569739292,1,0
0.1904804758114484,0.2107627650046641,0.1875,0.2080283723065381,0.1592940107477555,0.2945378131873303,0.0,0.2191932756048507,0.5343394999582888,1,1
0.0857128699077535,0.0769230769230769,0.0625,0.1557998254926159,0.0705881019635029,0.1136363636363636,0.0,0.08,0.5006244814843384,1,1
0.0382623028019778,0.0192307692307692,0.0,0.1064767687872651,0.0205987366108211,0.0909090909090909,0.0,0.022466692442751,0.52690549335987,1,1
0.1334472824117704,0.1185574583066195,0.0364058697482567,0.172494890076148,0.0695293815300866,0.1610802368213514,0.4684352184895404,0.1107745741180475,0.5008327620971603,1,1
0.2750358243410867,0.1434989009726074,0.0,0.2033436672485594,0.1447137757405162,0.5802909111804949,0.0,0.1438582855172676,0.5033806915599969,1,1
0.0558365432659092,0.038647282435735,0.0,0.1115543999456918,0.0376317126248526,0.0904700596973535,0.0,0.0401931737331644,0.4980428566998784,1,0
0.0559218271721214,0.0192307692307692,0.0,0.1833415647841024,0.0480629033109862,0.0909036926460026,0.0,0.0199999999999999,0.49041975836732155,1,0
0.1140272299220239,0.0562954720746848,0.0115920568485451,0.1174864115097865,0.0344692461045863,0.0766124049807601,0.5231841136970903,0.0585472909576722,0.5002189799557218,1,1
0.0847211756590727,0.0961538461538461,0.0239977431199828,0.0,0.0,0.0,0.0,0.1,0.5033753535602707,1,1
0.0547642183163783,0.0192307692307692,0.0,0.1940496162740043,0.0384586318035025,0.0924411384221533,0.0,0.0199999999999999,0.49039387460809797,1,0
0.1155537282300872,0.2638438687886561,0.2703078584769576,0.1069745205477975,0.1094463221231818,0.0597788034483463,0.375,0.2743976235402023,0.5572804613682394,1,1
0.6438628287328694,0.3432352511912314,0.1553607405973283,0.5979799736496718,0.5752528171658919,0.8415558250201249,1.0,0.2777234959291604,0.5549479448948614,1,1
0.2139300973266538,0.1346153846153846,0.0888108903771348,0.0,0.0,0.0,0.0,0.1399999999999999,0.5100001142655342,1,1
0.0676182526393624,0.0,0.0,0.4559808994893672,0.0865253683894444,0.0722065186642553,0.0,0.0,0.49875533690771107,1,0
0.0838496528481321,0.0399075682002408,0.0,0.3519243380331681,0.0418428449122194,0.1161997799913359,0.0,0.0430077418565008,0.5007124936957722,1,1
0.2106211914864329,0.1353930258901344,0.0487705006072026,0.2165458866994088,0.1281361534272721,0.2272727272727273,0.0,0.1168196805829145,0.5012956823841871,1,1
0.276847854445915,0.2450436850323458,0.195554011822438,0.2394223227756353,0.2098569331129335,0.2573415642933934,0.25,0.2506530045059129,0.5445051558043047,1,1
0.0559218271721214,0.0296802681180386,0.0,0.1476719022839771,0.039966922358744,0.0951122519725679,0.0,0.0308674788427601,0.4907865118743427,1,0
0.4516856114141603,0.8851094084685668,0.8630887117583752,0.3968135207391076,0.4541351721819034,0.3592076783652975,0.9004281540060911,0.8964452801663347,0.5549479448948614,1,1
0.0305121183789902,0.0366980897093955,0.0,0.1307995234949161,0.0209135516860457,0.0496226970505195,0.0,0.0381660132977713,0.42601558239326237,1,0
